seed,round,station,method,episode,epsilon,reward
11,1,campus,federated_q,0,0.8,-20.322285885756667
11,1,campus,local_q,0,0.8,-20.322285885756667
11,1,campus,pooled_q,0,0.8,-20.322285885756667
11,1,campus,federated_q,1,0.8,-37.810767133460644
11,1,campus,local_q,1,0.8,-37.810767133460644
11,1,campus,pooled_q,1,0.8,-37.810767133460644
11,1,campus,federated_q,2,0.8,-39.25595064432651
11,1,campus,local_q,2,0.8,-39.25595064432651
11,1,campus,pooled_q,2,0.8,-39.25595064432651
11,1,campus,federated_q,3,0.8,-44.550706788409684
11,1,campus,local_q,3,0.8,-44.550706788409684
11,1,campus,pooled_q,3,0.8,-44.550706788409684
11,1,commuter,federated_q,0,0.8,-111.30696819350416
11,1,commuter,local_q,0,0.8,-111.30696819350416
11,1,commuter,pooled_q,0,0.8,-111.30696819350416
11,1,commuter,federated_q,1,0.8,-99.86484464344174
11,1,commuter,local_q,1,0.8,-99.86484464344174
11,1,commuter,pooled_q,1,0.8,-99.86484464344174
11,1,commuter,federated_q,2,0.8,-94.10055417479319
11,1,commuter,local_q,2,0.8,-94.10055417479319
11,1,commuter,pooled_q,2,0.8,-94.10055417479319
11,1,commuter,federated_q,3,0.8,-105.14064716033133
11,1,commuter,local_q,3,0.8,-105.14064716033133
11,1,commuter,pooled_q,3,0.8,-105.14064716033133
11,1,mixed_use,federated_q,0,0.8,-106.41186628286763
11,1,mixed_use,local_q,0,0.8,-106.41186628286763
11,1,mixed_use,pooled_q,0,0.8,-104.93541867563559
11,1,mixed_use,federated_q,1,0.8,-116.98285484193734
11,1,mixed_use,local_q,1,0.8,-116.98285484193734
11,1,mixed_use,pooled_q,1,0.8,-112.32916485761172
11,1,mixed_use,federated_q,2,0.8,-107.39577252099504
11,1,mixed_use,local_q,2,0.8,-107.39577252099504
11,1,mixed_use,pooled_q,2,0.8,-98.6531896242987
11,1,mixed_use,federated_q,3,0.8,-104.82700708625403
11,1,mixed_use,local_q,3,0.8,-104.82700708625403
11,1,mixed_use,pooled_q,3,0.8,-108.41265803661034
11,2,campus,federated_q,4,0.7200000000000001,-38.982545978365366
11,2,campus,local_q,4,0.7200000000000001,-38.011123760929465
11,2,campus,pooled_q,4,0.7200000000000001,-36.45275892823073
11,2,campus,federated_q,5,0.7200000000000001,-35.239174644423464
11,2,campus,local_q,5,0.7200000000000001,-35.23917464442346
11,2,campus,pooled_q,5,0.7200000000000001,-36.88805930229077
11,2,campus,federated_q,6,0.7200000000000001,-24.17790231021992
11,2,campus,local_q,6,0.7200000000000001,-25.70908298502013
11,2,campus,pooled_q,6,0.7200000000000001,-22.009871952582923
11,2,campus,federated_q,7,0.7200000000000001,-29.563417493478468
11,2,campus,local_q,7,0.7200000000000001,-24.177542884999678
11,2,campus,pooled_q,7,0.7200000000000001,-27.990094283466846
11,2,commuter,federated_q,4,0.7200000000000001,-112.58792172033051
11,2,commuter,local_q,4,0.7200000000000001,-114.42542172033052
11,2,commuter,pooled_q,4,0.7200000000000001,-114.42542172033052
11,2,commuter,federated_q,5,0.7200000000000001,-103.64811749351489
11,2,commuter,local_q,5,0.7200000000000001,-108.84561749351488
11,2,commuter,pooled_q,5,0.7200000000000001,-100.18311749351489
11,2,commuter,federated_q,6,0.7200000000000001,-94.25348043534555
11,2,commuter,local_q,6,0.7200000000000001,-94.36159280294297
11,2,commuter,pooled_q,6,0.7200000000000001,-92.52098043534556
11,2,commuter,federated_q,7,0.7200000000000001,-106.1879498488698
11,2,commuter,local_q,7,0.7200000000000001,-106.08294984886982
11,2,commuter,pooled_q,7,0.7200000000000001,-102.61794984886981
11,2,mixed_use,federated_q,4,0.7200000000000001,-105.26015787613892
11,2,mixed_use,local_q,4,0.7200000000000001,-103.64523636284017
11,2,mixed_use,pooled_q,4,0.7200000000000001,-104.38557092091965
11,2,mixed_use,federated_q,5,0.7200000000000001,-105.68953699683304
11,2,mixed_use,local_q,5,0.7200000000000001,-114.57824373442702
11,2,mixed_use,pooled_q,5,0.7200000000000001,-105.16586874377998
11,2,mixed_use,federated_q,6,0.7200000000000001,-114.8325388737481
11,2,mixed_use,local_q,6,0.7200000000000001,-114.42120132654311
11,2,mixed_use,pooled_q,6,0.7200000000000001,-119.79361519610602
11,2,mixed_use,federated_q,7,0.7200000000000001,-97.95862807031466
11,2,mixed_use,local_q,7,0.7200000000000001,-98.48572371969323
11,2,mixed_use,pooled_q,7,0.7200000000000001,-103.71320297702324
11,3,campus,federated_q,8,0.6480000000000001,-32.21976202025502
11,3,campus,local_q,8,0.6480000000000001,-32.98210020301426
11,3,campus,pooled_q,8,0.6480000000000001,-36.33738466131527
11,3,campus,federated_q,9,0.6480000000000001,-35.75065236430843
11,3,campus,local_q,9,0.6480000000000001,-27.09570185755542
11,3,campus,pooled_q,9,0.6480000000000001,-37.83620292564918
11,3,campus,federated_q,10,0.6480000000000001,-25.473256621670906
11,3,campus,local_q,10,0.6480000000000001,-25.763854177755853
11,3,campus,pooled_q,10,0.6480000000000001,-32.42016138499514
11,3,campus,federated_q,11,0.6480000000000001,-20.97939206431372
11,3,campus,local_q,11,0.6480000000000001,-15.972792869916296
11,3,campus,pooled_q,11,0.6480000000000001,-21.259346033229754
11,3,commuter,federated_q,8,0.6480000000000001,-116.32256775286046
11,3,commuter,local_q,8,0.6480000000000001,-114.5150677528605
11,3,commuter,pooled_q,8,0.6480000000000001,-121.44506775286048
11,3,commuter,federated_q,9,0.6480000000000001,-104.73986558597915
11,3,commuter,local_q,9,0.6480000000000001,-106.87037819796271
11,3,commuter,pooled_q,9,0.6480000000000001,-108.38486558597916
11,3,commuter,federated_q,10,0.6480000000000001,-95.52824165480435
11,3,commuter,local_q,10,0.6480000000000001,-97.36574165480435
11,3,commuter,pooled_q,10,0.6480000000000001,-95.52824165480433
11,3,commuter,federated_q,11,0.6480000000000001,-77.84595267601345
11,3,commuter,local_q,11,0.6480000000000001,-83.14845267601346
11,3,commuter,pooled_q,11,0.6480000000000001,-76.11345267601345
11,3,mixed_use,federated_q,8,0.6480000000000001,-97.50575975215834
11,3,mixed_use,local_q,8,0.6480000000000001,-106.13155720975459
11,3,mixed_use,pooled_q,8,0.6480000000000001,-105.61471718296288
11,3,mixed_use,federated_q,9,0.6480000000000001,-112.41941167706912
11,3,mixed_use,local_q,9,0.6480000000000001,-110.83402202300108
11,3,mixed_use,pooled_q,9,0.6480000000000001,-113.994144618309
11,3,mixed_use,federated_q,10,0.6480000000000001,-99.79965657371437
11,3,mixed_use,local_q,10,0.6480000000000001,-99.4116217279867
11,3,mixed_use,pooled_q,10,0.6480000000000001,-93.80509702247939
11,3,mixed_use,federated_q,11,0.6480000000000001,-98.33297908540274
11,3,mixed_use,local_q,11,0.6480000000000001,-92.92418081193249
11,3,mixed_use,pooled_q,11,0.6480000000000001,-96.15270825749393
11,4,campus,federated_q,12,0.5832,-33.3936271972402
11,4,campus,local_q,12,0.5832,-29.47253266452619
11,4,campus,pooled_q,12,0.5832,-25.920744211870765
11,4,campus,federated_q,13,0.5832,-29.224875778816088
11,4,campus,local_q,13,0.5832,-28.46330477867077
11,4,campus,pooled_q,13,0.5832,-35.636717997730294
11,4,campus,federated_q,14,0.5832,-33.336271401659374
11,4,campus,local_q,14,0.5832,-25.38149954253274
11,4,campus,pooled_q,14,0.5832,-33.94822049207861
11,4,campus,federated_q,15,0.5832,-23.591830996388403
11,4,campus,local_q,15,0.5832,-26.53084156303292
11,4,campus,pooled_q,15,0.5832,-28.84574880719075
11,4,commuter,federated_q,12,0.5832,-92.90627984205457
11,4,commuter,local_q,12,0.5832,-91.17581337967826
11,4,commuter,pooled_q,12,0.5832,-94.69877984205456
11,4,commuter,federated_q,13,0.5832,-104.40388523825133
11,4,commuter,local_q,13,0.5832,-102.55497301511684
11,4,commuter,pooled_q,13,0.5832,-102.16089393932086
11,4,commuter,federated_q,14,0.5832,-100.26672450248857
11,4,commuter,local_q,14,0.5832,-105.62685329736854
11,4,commuter,pooled_q,14,0.5832,-92.91672450248858
11,4,commuter,federated_q,15,0.5832,-79.61525654254613
11,4,commuter,local_q,15,0.5832,-95.62775654254614
11,4,commuter,pooled_q,15,0.5832,-81.89025654254611
11,4,mixed_use,federated_q,12,0.5832,-82.04686337731013
11,4,mixed_use,local_q,12,0.5832,-80.0299276372055
11,4,mixed_use,pooled_q,12,0.5832,-76.24083916399071
11,4,mixed_use,federated_q,13,0.5832,-107.78880235784781
11,4,mixed_use,local_q,13,0.5832,-113.96437277141177
11,4,mixed_use,pooled_q,13,0.5832,-105.3578103461688
11,4,mixed_use,federated_q,14,0.5832,-97.58575393691743
11,4,mixed_use,local_q,14,0.5832,-104.16457756447697
11,4,mixed_use,pooled_q,14,0.5832,-96.01487970692712
11,4,mixed_use,federated_q,15,0.5832,-116.74312763506586
11,4,mixed_use,local_q,15,0.5832,-105.84211742254206
11,4,mixed_use,pooled_q,15,0.5832,-114.45559392761233
11,5,campus,federated_q,16,0.52488,-33.81452626327679
11,5,campus,local_q,16,0.52488,-32.45951082565834
11,5,campus,pooled_q,16,0.52488,-35.40189990470054
11,5,campus,federated_q,17,0.52488,-18.231844650130167
11,5,campus,local_q,17,0.52488,-13.471936947598001
11,5,campus,pooled_q,17,0.52488,-17.7453893538908
11,5,campus,federated_q,18,0.52488,-29.82210710788952
11,5,campus,local_q,18,0.52488,-31.219777111606916
11,5,campus,pooled_q,18,0.52488,-31.314395085197617
11,5,campus,federated_q,19,0.52488,-15.224495662983625
11,5,campus,local_q,19,0.52488,-13.966802722845038
11,5,campus,pooled_q,19,0.52488,-14.277195271531136
11,5,commuter,federated_q,16,0.52488,-90.5818391697799
11,5,commuter,local_q,16,0.52488,-94.08550731386904
11,5,commuter,pooled_q,16,0.52488,-90.68683916977989
11,5,commuter,federated_q,17,0.52488,-82.50267871580206
11,5,commuter,local_q,17,0.52488,-74.74735296466464
11,5,commuter,pooled_q,17,0.52488,-74.94267871580206
11,5,commuter,federated_q,18,0.52488,-81.73460362045674
11,5,commuter,local_q,18,0.52488,-81.55060050618621
11,5,commuter,pooled_q,18,0.52488,-85.59735406321165
11,5,commuter,federated_q,19,0.52488,-101.38746858230006
11,5,commuter,local_q,19,0.52488,-101.38746858230004
11,5,commuter,pooled_q,19,0.52488,-103.19496858230005
11,5,mixed_use,federated_q,16,0.52488,-92.07149737307397
11,5,mixed_use,local_q,16,0.52488,-104.67398780055282
11,5,mixed_use,pooled_q,16,0.52488,-90.38297600051318
11,5,mixed_use,federated_q,17,0.52488,-107.98014145174585
11,5,mixed_use,local_q,17,0.52488,-113.28968283134917
11,5,mixed_use,pooled_q,17,0.52488,-107.68781179790109
11,5,mixed_use,federated_q,18,0.52488,-107.5066904131508
11,5,mixed_use,local_q,18,0.52488,-106.35359081620533
11,5,mixed_use,pooled_q,18,0.52488,-110.07596352919161
11,5,mixed_use,federated_q,19,0.52488,-88.0054815513521
11,5,mixed_use,local_q,19,0.52488,-81.3847527359454
11,5,mixed_use,pooled_q,19,0.52488,-84.88592859269927
11,6,campus,federated_q,20,0.4723920000000001,-39.92427613670765
11,6,campus,local_q,20,0.4723920000000001,-48.740696186850386
11,6,campus,pooled_q,20,0.4723920000000001,-44.19924025821378
11,6,campus,federated_q,21,0.4723920000000001,-29.35942729811621
11,6,campus,local_q,21,0.4723920000000001,-36.14842531054909
11,6,campus,pooled_q,21,0.4723920000000001,-34.811191819489835
11,6,campus,federated_q,22,0.4723920000000001,-20.16134631313342
11,6,campus,local_q,22,0.4723920000000001,-18.801408800178244
11,6,campus,pooled_q,22,0.4723920000000001,-17.41022992655583
11,6,campus,federated_q,23,0.4723920000000001,-36.9630913349563
11,6,campus,local_q,23,0.4723920000000001,-38.95343422588713
11,6,campus,pooled_q,23,0.4723920000000001,-32.6367867320266
11,6,commuter,federated_q,20,0.4723920000000001,-89.59132263547038
11,6,commuter,local_q,20,0.4723920000000001,-100.0997092263864
11,6,commuter,pooled_q,20,0.4723920000000001,-89.56132263547036
11,6,commuter,federated_q,21,0.4723920000000001,-85.87290980112546
11,6,commuter,local_q,21,0.4723920000000001,-96.5461140419552
11,6,commuter,pooled_q,21,0.4723920000000001,-89.32727429727365
11,6,commuter,federated_q,22,0.4723920000000001,-120.47249661734288
11,6,commuter,local_q,22,0.4723920000000001,-127.71749661734293
11,6,commuter,pooled_q,22,0.4723920000000001,-124.0274966173429
11,6,commuter,federated_q,23,0.4723920000000001,-107.72647551791798
11,6,commuter,local_q,23,0.4723920000000001,-108.251475517918
11,6,commuter,pooled_q,23,0.4723920000000001,-95.49397551791797
11,6,mixed_use,federated_q,20,0.4723920000000001,-89.46705953184609
11,6,mixed_use,local_q,20,0.4723920000000001,-90.03671967556973
11,6,mixed_use,pooled_q,20,0.4723920000000001,-90.00971920963569
11,6,mixed_use,federated_q,21,0.4723920000000001,-106.77366111482098
11,6,mixed_use,local_q,21,0.4723920000000001,-107.77788237717404
11,6,mixed_use,pooled_q,21,0.4723920000000001,-112.70982616778457
11,6,mixed_use,federated_q,22,0.4723920000000001,-101.79072690213575
11,6,mixed_use,local_q,22,0.4723920000000001,-97.94093759812884
11,6,mixed_use,pooled_q,22,0.4723920000000001,-104.19905112726501
11,6,mixed_use,federated_q,23,0.4723920000000001,-98.4274559768279
11,6,mixed_use,local_q,23,0.4723920000000001,-96.90999935973994
11,6,mixed_use,pooled_q,23,0.4723920000000001,-89.6032352717148
11,7,campus,federated_q,24,0.42515280000000005,-36.96042785789535
11,7,campus,local_q,24,0.42515280000000005,-29.127898964589505
11,7,campus,pooled_q,24,0.42515280000000005,-31.83729209153396
11,7,campus,federated_q,25,0.42515280000000005,-12.749468991374446
11,7,campus,local_q,25,0.42515280000000005,-11.94342085420265
11,7,campus,pooled_q,25,0.42515280000000005,-17.580443294749085
11,7,campus,federated_q,26,0.42515280000000005,-12.380391499346894
11,7,campus,local_q,26,0.42515280000000005,-6.16521742529318
11,7,campus,pooled_q,26,0.42515280000000005,-22.083624240001907
11,7,campus,federated_q,27,0.42515280000000005,-19.47467421453724
11,7,campus,local_q,27,0.42515280000000005,-4.700872542095789
11,7,campus,pooled_q,27,0.42515280000000005,-6.716652626773372
11,7,commuter,federated_q,24,0.42515280000000005,-88.36201526273618
11,7,commuter,local_q,24,0.42515280000000005,-100.89620195292291
11,7,commuter,pooled_q,24,0.42515280000000005,-84.7027566423202
11,7,commuter,federated_q,25,0.42515280000000005,-83.8940897531938
11,7,commuter,local_q,25,0.42515280000000005,-81.9515897531938
11,7,commuter,pooled_q,25,0.42515280000000005,-83.75908975319379
11,7,commuter,federated_q,26,0.42515280000000005,-82.23642321635147
11,7,commuter,local_q,26,0.42515280000000005,-82.21445154368864
11,7,commuter,pooled_q,26,0.42515280000000005,-89.36226714468174
11,7,commuter,federated_q,27,0.42515280000000005,-107.2385987993844
11,7,commuter,local_q,27,0.42515280000000005,-89.80859879938438
11,7,commuter,pooled_q,27,0.42515280000000005,-91.8845687376897
11,7,mixed_use,federated_q,24,0.42515280000000005,-99.07620957460172
11,7,mixed_use,local_q,24,0.42515280000000005,-94.16184324048797
11,7,mixed_use,pooled_q,24,0.42515280000000005,-80.57847005733686
11,7,mixed_use,federated_q,25,0.42515280000000005,-101.28301695851933
11,7,mixed_use,local_q,25,0.42515280000000005,-98.44641439029077
11,7,mixed_use,pooled_q,25,0.42515280000000005,-96.23211070650491
11,7,mixed_use,federated_q,26,0.42515280000000005,-116.18401952792084
11,7,mixed_use,local_q,26,0.42515280000000005,-116.37260755861476
11,7,mixed_use,pooled_q,26,0.42515280000000005,-108.26879671238993
11,7,mixed_use,federated_q,27,0.42515280000000005,-88.77165921927683
11,7,mixed_use,local_q,27,0.42515280000000005,-98.35142753999499
11,7,mixed_use,pooled_q,27,0.42515280000000005,-82.11361146974119
11,8,campus,federated_q,28,0.38263752000000006,-34.15135460589559
11,8,campus,local_q,28,0.38263752000000006,-25.499586901484374
11,8,campus,pooled_q,28,0.38263752000000006,-29.359218929764825
11,8,campus,federated_q,29,0.38263752000000006,-37.09724932391388
11,8,campus,local_q,29,0.38263752000000006,-13.293426538260357
11,8,campus,pooled_q,29,0.38263752000000006,-36.5901300462629
11,8,campus,federated_q,30,0.38263752000000006,-24.05446050750208
11,8,campus,local_q,30,0.38263752000000006,-24.01402277467415
11,8,campus,pooled_q,30,0.38263752000000006,-56.57455859607955
11,8,campus,federated_q,31,0.38263752000000006,-21.019135422955348
11,8,campus,local_q,31,0.38263752000000006,-20.127148454438604
11,8,campus,pooled_q,31,0.38263752000000006,-13.049167965438818
11,8,commuter,federated_q,28,0.38263752000000006,-74.56060319543887
11,8,commuter,local_q,28,0.38263752000000006,-76.43263570513466
11,8,commuter,pooled_q,28,0.38263752000000006,-98.8881111888642
11,8,commuter,federated_q,29,0.38263752000000006,-102.31041330751484
11,8,commuter,local_q,29,0.38263752000000006,-107.61025733221572
11,8,commuter,pooled_q,29,0.38263752000000006,-108.48473479398392
11,8,commuter,federated_q,30,0.38263752000000006,-97.30924932014497
11,8,commuter,local_q,30,0.38263752000000006,-99.48051802546274
11,8,commuter,pooled_q,30,0.38263752000000006,-115.50512928736916
11,8,commuter,federated_q,31,0.38263752000000006,-91.46065740790763
11,8,commuter,local_q,31,0.38263752000000006,-95.29621349729831
11,8,commuter,pooled_q,31,0.38263752000000006,-107.43758552591632
11,8,mixed_use,federated_q,28,0.38263752000000006,-100.54452479048315
11,8,mixed_use,local_q,28,0.38263752000000006,-103.08378997986017
11,8,mixed_use,pooled_q,28,0.38263752000000006,-105.54260577331863
11,8,mixed_use,federated_q,29,0.38263752000000006,-87.33957658433715
11,8,mixed_use,local_q,29,0.38263752000000006,-116.32657220366696
11,8,mixed_use,pooled_q,29,0.38263752000000006,-91.930669812579
11,8,mixed_use,federated_q,30,0.38263752000000006,-106.38985924122687
11,8,mixed_use,local_q,30,0.38263752000000006,-91.59017553772293
11,8,mixed_use,pooled_q,30,0.38263752000000006,-105.56889417976834
11,8,mixed_use,federated_q,31,0.38263752000000006,-97.11030145052686
11,8,mixed_use,local_q,31,0.38263752000000006,-92.6270816208737
11,8,mixed_use,pooled_q,31,0.38263752000000006,-104.2750399200408
11,9,campus,federated_q,32,0.3443737680000001,-27.57872427268652
11,9,campus,local_q,32,0.3443737680000001,-39.37768284021043
11,9,campus,pooled_q,32,0.3443737680000001,-53.41223927511885
11,9,campus,federated_q,33,0.3443737680000001,-31.964024155030085
11,9,campus,local_q,33,0.3443737680000001,-31.496739123753226
11,9,campus,pooled_q,33,0.3443737680000001,-30.85697422233971
11,9,campus,federated_q,34,0.3443737680000001,-14.525217362001948
11,9,campus,local_q,34,0.3443737680000001,-16.740605963132904
11,9,campus,pooled_q,34,0.3443737680000001,-15.55477283845629
11,9,campus,federated_q,35,0.3443737680000001,-14.71563281100982
11,9,campus,local_q,35,0.3443737680000001,-28.158958420073162
11,9,campus,pooled_q,35,0.3443737680000001,-9.06694296064006
11,9,commuter,federated_q,32,0.3443737680000001,-106.68026635154376
11,9,commuter,local_q,32,0.3443737680000001,-119.8980291081792
11,9,commuter,pooled_q,32,0.3443737680000001,-93.90776635154376
11,9,commuter,federated_q,33,0.3443737680000001,-90.12404792524086
11,9,commuter,local_q,33,0.3443737680000001,-91.85654792524087
11,9,commuter,pooled_q,33,0.3443737680000001,-80.85728776919558
11,9,commuter,federated_q,34,0.3443737680000001,-94.1933439569829
11,9,commuter,local_q,34,0.3443737680000001,-100.34778511003974
11,9,commuter,pooled_q,34,0.3443737680000001,-97.61642163901168
11,9,commuter,federated_q,35,0.3443737680000001,-110.91203713929049
11,9,commuter,local_q,35,0.3443737680000001,-98.13968510755161
11,9,commuter,pooled_q,35,0.3443737680000001,-121.06550577516224
11,9,mixed_use,federated_q,32,0.3443737680000001,-106.64094733887873
11,9,mixed_use,local_q,32,0.3443737680000001,-128.28951574741157
11,9,mixed_use,pooled_q,32,0.3443737680000001,-106.35320903544415
11,9,mixed_use,federated_q,33,0.3443737680000001,-88.39266461596853
11,9,mixed_use,local_q,33,0.3443737680000001,-96.63014566833843
11,9,mixed_use,pooled_q,33,0.3443737680000001,-83.63686706956413
11,9,mixed_use,federated_q,34,0.3443737680000001,-82.1211704946331
11,9,mixed_use,local_q,34,0.3443737680000001,-75.50146516915903
11,9,mixed_use,pooled_q,34,0.3443737680000001,-90.28111061088467
11,9,mixed_use,federated_q,35,0.3443737680000001,-125.42392197072321
11,9,mixed_use,local_q,35,0.3443737680000001,-120.21553918677432
11,9,mixed_use,pooled_q,35,0.3443737680000001,-116.9549024912914
11,10,campus,federated_q,36,0.3099363912000001,-14.966102954100126
11,10,campus,local_q,36,0.3099363912000001,-21.869577074652785
11,10,campus,pooled_q,36,0.3099363912000001,-18.97231642663951
11,10,campus,federated_q,37,0.3099363912000001,-2.3750032729974633
11,10,campus,local_q,37,0.3099363912000001,-7.731668359291842
11,10,campus,pooled_q,37,0.3099363912000001,-17.295604633250925
11,10,campus,federated_q,38,0.3099363912000001,-5.363183131970412
11,10,campus,local_q,38,0.3099363912000001,-18.850990790023243
11,10,campus,pooled_q,38,0.3099363912000001,-23.308135043452733
11,10,campus,federated_q,39,0.3099363912000001,-13.499797277752903
11,10,campus,local_q,39,0.3099363912000001,-26.514658471252602
11,10,campus,pooled_q,39,0.3099363912000001,-14.87696347799185
11,10,commuter,federated_q,36,0.3099363912000001,-92.43556448251543
11,10,commuter,local_q,36,0.3099363912000001,-112.72593321984743
11,10,commuter,pooled_q,36,0.3099363912000001,-89.24213836454183
11,10,commuter,federated_q,37,0.3099363912000001,-112.83396930548165
11,10,commuter,local_q,37,0.3099363912000001,-132.4014691621631
11,10,commuter,pooled_q,37,0.3099363912000001,-110.50419088052574
11,10,commuter,federated_q,38,0.3099363912000001,-93.21371008722919
11,10,commuter,local_q,38,0.3099363912000001,-98.18834008992522
11,10,commuter,pooled_q,38,0.3099363912000001,-90.35993824095613
11,10,commuter,federated_q,39,0.3099363912000001,-90.25611670993344
11,10,commuter,local_q,39,0.3099363912000001,-102.79472905405034
11,10,commuter,pooled_q,39,0.3099363912000001,-90.24286482296151
11,10,mixed_use,federated_q,36,0.3099363912000001,-90.92820394505034
11,10,mixed_use,local_q,36,0.3099363912000001,-110.30908054190452
11,10,mixed_use,pooled_q,36,0.3099363912000001,-81.61084721295255
11,10,mixed_use,federated_q,37,0.3099363912000001,-117.45461533286193
11,10,mixed_use,local_q,37,0.3099363912000001,-116.63639817875472
11,10,mixed_use,pooled_q,37,0.3099363912000001,-119.93581252527966
11,10,mixed_use,federated_q,38,0.3099363912000001,-80.82243586203842
11,10,mixed_use,local_q,38,0.3099363912000001,-80.96118764706956
11,10,mixed_use,pooled_q,38,0.3099363912000001,-75.98090625360153
11,10,mixed_use,federated_q,39,0.3099363912000001,-90.29623214105214
11,10,mixed_use,local_q,39,0.3099363912000001,-96.14546826625029
11,10,mixed_use,pooled_q,39,0.3099363912000001,-97.87796826625032
11,11,campus,federated_q,40,0.2789427520800001,-9.32117084799248
11,11,campus,local_q,40,0.2789427520800001,-10.293878628076506
11,11,campus,pooled_q,40,0.2789427520800001,-9.440732796033812
11,11,campus,federated_q,41,0.2789427520800001,-14.392187854672782
11,11,campus,local_q,41,0.2789427520800001,-23.577604154129844
11,11,campus,pooled_q,41,0.2789427520800001,-19.43192656209385
11,11,campus,federated_q,42,0.2789427520800001,-31.773184217279848
11,11,campus,local_q,42,0.2789427520800001,-42.995695777248834
11,11,campus,pooled_q,42,0.2789427520800001,-36.27498389428029
11,11,campus,federated_q,43,0.2789427520800001,-25.934721736056062
11,11,campus,local_q,43,0.2789427520800001,-38.52978457731907
11,11,campus,pooled_q,43,0.2789427520800001,-45.41137166883069
11,11,commuter,federated_q,40,0.2789427520800001,-95.49718456052159
11,11,commuter,local_q,40,0.2789427520800001,-118.42925667257711
11,11,commuter,pooled_q,40,0.2789427520800001,-108.06349357388329
11,11,commuter,federated_q,41,0.2789427520800001,-88.6041350602764
11,11,commuter,local_q,41,0.2789427520800001,-91.57128762940913
11,11,commuter,pooled_q,41,0.2789427520800001,-87.58179518216004
11,11,commuter,federated_q,42,0.2789427520800001,-78.64982544741996
11,11,commuter,local_q,42,0.2789427520800001,-84.02839799307256
11,11,commuter,pooled_q,42,0.2789427520800001,-80.31498027307354
11,11,commuter,federated_q,43,0.2789427520800001,-79.27052213980069
11,11,commuter,local_q,43,0.2789427520800001,-82.75113649079584
11,11,commuter,pooled_q,43,0.2789427520800001,-79.29192257562778
11,11,mixed_use,federated_q,40,0.2789427520800001,-67.76253539223708
11,11,mixed_use,local_q,40,0.2789427520800001,-69.4114216210914
11,11,mixed_use,pooled_q,40,0.2789427520800001,-80.12309001792148
11,11,mixed_use,federated_q,41,0.2789427520800001,-64.46447995552172
11,11,mixed_use,local_q,41,0.2789427520800001,-58.954402635260166
11,11,mixed_use,pooled_q,41,0.2789427520800001,-66.49268491592217
11,11,mixed_use,federated_q,42,0.2789427520800001,-59.07455838141851
11,11,mixed_use,local_q,42,0.2789427520800001,-54.23131377730837
11,11,mixed_use,pooled_q,42,0.2789427520800001,-73.62542300983164
11,11,mixed_use,federated_q,43,0.2789427520800001,-100.26399253124197
11,11,mixed_use,local_q,43,0.2789427520800001,-100.84287928685822
11,11,mixed_use,pooled_q,43,0.2789427520800001,-98.09377792921022
11,12,campus,federated_q,44,0.25104847687200005,-16.81875950726839
11,12,campus,local_q,44,0.25104847687200005,-33.7170281961301
11,12,campus,pooled_q,44,0.25104847687200005,-12.567333353779992
11,12,campus,federated_q,45,0.25104847687200005,-22.30959765601588
11,12,campus,local_q,45,0.25104847687200005,-17.160608398851753
11,12,campus,pooled_q,45,0.25104847687200005,-13.54590063557244
11,12,campus,federated_q,46,0.25104847687200005,-29.43405595601212
11,12,campus,local_q,46,0.25104847687200005,-19.90530380354167
11,12,campus,pooled_q,46,0.25104847687200005,-20.51394438265732
11,12,campus,federated_q,47,0.25104847687200005,-23.236232803732246
11,12,campus,local_q,47,0.25104847687200005,-26.311429114187867
11,12,campus,pooled_q,47,0.25104847687200005,-23.998249392853804
11,12,commuter,federated_q,44,0.25104847687200005,-79.85710385922046
11,12,commuter,local_q,44,0.25104847687200005,-78.01960385922045
11,12,commuter,pooled_q,44,0.25104847687200005,-90.08061701423506
11,12,commuter,federated_q,45,0.25104847687200005,-88.64363259586216
11,12,commuter,local_q,45,0.25104847687200005,-79.43338757920567
11,12,commuter,pooled_q,45,0.25104847687200005,-95.01506854211948
11,12,commuter,federated_q,46,0.25104847687200005,-82.40198064432164
11,12,commuter,local_q,46,0.25104847687200005,-75.98208176940228
11,12,commuter,pooled_q,46,0.25104847687200005,-78.88611283694897
11,12,commuter,federated_q,47,0.25104847687200005,-92.24623004814467
11,12,commuter,local_q,47,0.25104847687200005,-90.53683344765378
11,12,commuter,pooled_q,47,0.25104847687200005,-91.03148257255974
11,12,mixed_use,federated_q,44,0.25104847687200005,-87.45181030469848
11,12,mixed_use,local_q,44,0.25104847687200005,-91.28057306336656
11,12,mixed_use,pooled_q,44,0.25104847687200005,-93.43773879791593
11,12,mixed_use,federated_q,45,0.25104847687200005,-85.79600861458437
11,12,mixed_use,local_q,45,0.25104847687200005,-95.91527668089806
11,12,mixed_use,pooled_q,45,0.25104847687200005,-97.43980521715517
11,12,mixed_use,federated_q,46,0.25104847687200005,-95.60389677860644
11,12,mixed_use,local_q,46,0.25104847687200005,-81.93025625306872
11,12,mixed_use,pooled_q,46,0.25104847687200005,-98.53988353924414
11,12,mixed_use,federated_q,47,0.25104847687200005,-97.63107156744474
11,12,mixed_use,local_q,47,0.25104847687200005,-78.15606795466846
11,12,mixed_use,pooled_q,47,0.25104847687200005,-83.36476610307054
11,13,campus,federated_q,48,0.2259436291848001,-25.32402602103468
11,13,campus,local_q,48,0.2259436291848001,-22.402671897868878
11,13,campus,pooled_q,48,0.2259436291848001,-39.431630569374484
11,13,campus,federated_q,49,0.2259436291848001,-6.9835575823717875
11,13,campus,local_q,49,0.2259436291848001,-8.121713026216185
11,13,campus,pooled_q,49,0.2259436291848001,-10.370370498145968
11,13,campus,federated_q,50,0.2259436291848001,-26.628941582895997
11,13,campus,local_q,50,0.2259436291848001,-19.39647953339586
11,13,campus,pooled_q,50,0.2259436291848001,-16.328343033710922
11,13,campus,federated_q,51,0.2259436291848001,-8.868704802524816
11,13,campus,local_q,51,0.2259436291848001,-15.840635713176546
11,13,campus,pooled_q,51,0.2259436291848001,-10.884163722588964
11,13,commuter,federated_q,48,0.2259436291848001,-90.10046599403972
11,13,commuter,local_q,48,0.2259436291848001,-100.54429301319203
11,13,commuter,pooled_q,48,0.2259436291848001,-100.18872002439927
11,13,commuter,federated_q,49,0.2259436291848001,-92.19730937328706
11,13,commuter,local_q,49,0.2259436291848001,-94.64460328057024
11,13,commuter,pooled_q,49,0.2259436291848001,-87.94210328057022
11,13,commuter,federated_q,50,0.2259436291848001,-106.5140953847912
11,13,commuter,local_q,50,0.2259436291848001,-107.47017224205626
11,13,commuter,pooled_q,50,0.2259436291848001,-116.86969197174554
11,13,commuter,federated_q,51,0.2259436291848001,-90.80976512383803
11,13,commuter,local_q,51,0.2259436291848001,-95.78226512383803
11,13,commuter,pooled_q,51,0.2259436291848001,-99.99726512383802
11,13,mixed_use,federated_q,48,0.2259436291848001,-93.60032212225549
11,13,mixed_use,local_q,48,0.2259436291848001,-105.19403340284919
11,13,mixed_use,pooled_q,48,0.2259436291848001,-96.57752422076516
11,13,mixed_use,federated_q,49,0.2259436291848001,-98.45556853066864
11,13,mixed_use,local_q,49,0.2259436291848001,-97.28106758356083
11,13,mixed_use,pooled_q,49,0.2259436291848001,-99.42710726305314
11,13,mixed_use,federated_q,50,0.2259436291848001,-104.3128956354814
11,13,mixed_use,local_q,50,0.2259436291848001,-80.57379674214987
11,13,mixed_use,pooled_q,50,0.2259436291848001,-103.97528258830049
11,13,mixed_use,federated_q,51,0.2259436291848001,-84.71008398941834
11,13,mixed_use,local_q,51,0.2259436291848001,-77.43520419408871
11,13,mixed_use,pooled_q,51,0.2259436291848001,-79.14612261942612
11,14,campus,federated_q,52,0.20334926626632008,-17.926897047558302
11,14,campus,local_q,52,0.20334926626632008,-18.063632645052632
11,14,campus,pooled_q,52,0.20334926626632008,-9.968122369183186
11,14,campus,federated_q,53,0.20334926626632008,-47.24164069240347
11,14,campus,local_q,53,0.20334926626632008,-35.60363034408958
11,14,campus,pooled_q,53,0.20334926626632008,-36.201552167870666
11,14,campus,federated_q,54,0.20334926626632008,-30.259764955259996
11,14,campus,local_q,54,0.20334926626632008,-28.174245055861515
11,14,campus,pooled_q,54,0.20334926626632008,-24.78719631261971
11,14,campus,federated_q,55,0.20334926626632008,-28.404300702395023
11,14,campus,local_q,55,0.20334926626632008,-22.861761540147256
11,14,campus,pooled_q,55,0.20334926626632008,-19.103259235740932
11,14,commuter,federated_q,52,0.20334926626632008,-87.50237346315917
11,14,commuter,local_q,52,0.20334926626632008,-92.47596634077411
11,14,commuter,pooled_q,52,0.20334926626632008,-109.08349159544801
11,14,commuter,federated_q,53,0.20334926626632008,-91.29995451319013
11,14,commuter,local_q,53,0.20334926626632008,-83.73771803417033
11,14,commuter,pooled_q,53,0.20334926626632008,-85.47021803417034
11,14,commuter,federated_q,54,0.20334926626632008,-96.22731854919529
11,14,commuter,local_q,54,0.20334926626632008,-104.33481854919529
11,14,commuter,pooled_q,54,0.20334926626632008,-85.3426455749512
11,14,commuter,federated_q,55,0.20334926626632008,-108.14529207581408
11,14,commuter,local_q,55,0.20334926626632008,-90.01029207581409
11,14,commuter,pooled_q,55,0.20334926626632008,-98.1713090405251
11,14,mixed_use,federated_q,52,0.20334926626632008,-81.10511406752867
11,14,mixed_use,local_q,52,0.20334926626632008,-86.6949816995277
11,14,mixed_use,pooled_q,52,0.20334926626632008,-89.73354405996528
11,14,mixed_use,federated_q,53,0.20334926626632008,-73.78139739517292
11,14,mixed_use,local_q,53,0.20334926626632008,-103.05155319648891
11,14,mixed_use,pooled_q,53,0.20334926626632008,-73.07253547267106
11,14,mixed_use,federated_q,54,0.20334926626632008,-118.30994533363176
11,14,mixed_use,local_q,54,0.20334926626632008,-111.2506597795052
11,14,mixed_use,pooled_q,54,0.20334926626632008,-101.27978044822241
11,14,mixed_use,federated_q,55,0.20334926626632008,-93.29390227749148
11,14,mixed_use,local_q,55,0.20334926626632008,-65.60360554443398
11,14,mixed_use,pooled_q,55,0.20334926626632008,-66.12472641063424
11,15,campus,federated_q,56,0.18301433963968808,-24.178783806784004
11,15,campus,local_q,56,0.18301433963968808,-13.64742012024327
11,15,campus,pooled_q,56,0.18301433963968808,-20.071997941894963
11,15,campus,federated_q,57,0.18301433963968808,-35.28272430832762
11,15,campus,local_q,57,0.18301433963968808,-5.370028806245892
11,15,campus,pooled_q,57,0.18301433963968808,-18.68188532582429
11,15,campus,federated_q,58,0.18301433963968808,-42.033953805683886
11,15,campus,local_q,58,0.18301433963968808,-17.438334745791245
11,15,campus,pooled_q,58,0.18301433963968808,-41.195458330055565
11,15,campus,federated_q,59,0.18301433963968808,-15.860940193460229
11,15,campus,local_q,59,0.18301433963968808,-25.07591726982047
11,15,campus,pooled_q,59,0.18301433963968808,-26.266471272744926
11,15,commuter,federated_q,56,0.18301433963968808,-106.45980274395352
11,15,commuter,local_q,56,0.18301433963968808,-113.61394633988245
11,15,commuter,pooled_q,56,0.18301433963968808,-98.41905990320492
11,15,commuter,federated_q,57,0.18301433963968808,-93.86952498880035
11,15,commuter,local_q,57,0.18301433963968808,-91.92702498880034
11,15,commuter,pooled_q,57,0.18301433963968808,-95.04805193968393
11,15,commuter,federated_q,58,0.18301433963968808,-104.88497362278514
11,15,commuter,local_q,58,0.18301433963968808,-110.05192391135162
11,15,commuter,pooled_q,58,0.18301433963968808,-108.12149370154333
11,15,commuter,federated_q,59,0.18301433963968808,-90.18281628072332
11,15,commuter,local_q,59,0.18301433963968808,-89.87208761673264
11,15,commuter,pooled_q,59,0.18301433963968808,-97.24372416894211
11,15,mixed_use,federated_q,56,0.18301433963968808,-97.22272228122424
11,15,mixed_use,local_q,56,0.18301433963968808,-90.38751358979984
11,15,mixed_use,pooled_q,56,0.18301433963968808,-92.40628596754881
11,15,mixed_use,federated_q,57,0.18301433963968808,-94.32443594603677
11,15,mixed_use,local_q,57,0.18301433963968808,-93.20308875991441
11,15,mixed_use,pooled_q,57,0.18301433963968808,-119.34293203249804
11,15,mixed_use,federated_q,58,0.18301433963968808,-96.08478529947017
11,15,mixed_use,local_q,58,0.18301433963968808,-92.3715198721338
11,15,mixed_use,pooled_q,58,0.18301433963968808,-91.38281941091995
11,15,mixed_use,federated_q,59,0.18301433963968808,-111.33625520254552
11,15,mixed_use,local_q,59,0.18301433963968808,-110.39461672217458
11,15,mixed_use,pooled_q,59,0.18301433963968808,-100.0486062516335
11,16,campus,federated_q,60,0.16471290567571928,-29.486095829688328
11,16,campus,local_q,60,0.16471290567571928,-29.78160342542072
11,16,campus,pooled_q,60,0.16471290567571928,-30.901709004183502
11,16,campus,federated_q,61,0.16471290567571928,-13.29473297086857
11,16,campus,local_q,61,0.16471290567571928,-1.5153451137429008
11,16,campus,pooled_q,61,0.16471290567571928,-17.002260308549747
11,16,campus,federated_q,62,0.16471290567571928,-15.707816988774166
11,16,campus,local_q,62,0.16471290567571928,-20.730318023197903
11,16,campus,pooled_q,62,0.16471290567571928,-21.869512746909937
11,16,campus,federated_q,63,0.16471290567571928,-10.800899339770893
11,16,campus,local_q,63,0.16471290567571928,-12.032023361996755
11,16,campus,pooled_q,63,0.16471290567571928,-27.878152331988886
11,16,commuter,federated_q,60,0.16471290567571928,-81.08420448913661
11,16,commuter,local_q,60,0.16471290567571928,-99.28253291099337
11,16,commuter,pooled_q,60,0.16471290567571928,-84.66639908441934
11,16,commuter,federated_q,61,0.16471290567571928,-100.72157464475531
11,16,commuter,local_q,61,0.16471290567571928,-84.76467396046709
11,16,commuter,pooled_q,61,0.16471290567571928,-91.16194814846548
11,16,commuter,federated_q,62,0.16471290567571928,-85.24046954211171
11,16,commuter,local_q,62,0.16471290567571928,-93.83620976230345
11,16,commuter,pooled_q,62,0.16471290567571928,-88.37183189084698
11,16,commuter,federated_q,63,0.16471290567571928,-84.80347333951494
11,16,commuter,local_q,63,0.16471290567571928,-84.14422897120404
11,16,commuter,pooled_q,63,0.16471290567571928,-86.20494964706774
11,16,mixed_use,federated_q,60,0.16471290567571928,-89.1084180398012
11,16,mixed_use,local_q,60,0.16471290567571928,-108.37608677562625
11,16,mixed_use,pooled_q,60,0.16471290567571928,-100.36826530630003
11,16,mixed_use,federated_q,61,0.16471290567571928,-90.4266040154081
11,16,mixed_use,local_q,61,0.16471290567571928,-127.52826332116106
11,16,mixed_use,pooled_q,61,0.16471290567571928,-85.11240746309842
11,16,mixed_use,federated_q,62,0.16471290567571928,-95.75976330000003
11,16,mixed_use,local_q,62,0.16471290567571928,-137.77113445788441
11,16,mixed_use,pooled_q,62,0.16471290567571928,-90.96801034574794
11,16,mixed_use,federated_q,63,0.16471290567571928,-98.23775531090712
11,16,mixed_use,local_q,63,0.16471290567571928,-117.8556575817494
11,16,mixed_use,pooled_q,63,0.16471290567571928,-91.77381046788851
11,17,campus,federated_q,64,0.14824161510814735,-37.36748321320665
11,17,campus,local_q,64,0.14824161510814735,-12.74913531172753
11,17,campus,pooled_q,64,0.14824161510814735,-27.10065245124901
11,17,campus,federated_q,65,0.14824161510814735,-29.455779568661708
11,17,campus,local_q,65,0.14824161510814735,-17.763588722228224
11,17,campus,pooled_q,65,0.14824161510814735,-21.169467180988526
11,17,campus,federated_q,66,0.14824161510814735,-15.229558831353378
11,17,campus,local_q,66,0.14824161510814735,-18.96055447090123
11,17,campus,pooled_q,66,0.14824161510814735,-31.32600706701943
11,17,campus,federated_q,67,0.14824161510814735,-37.116531438560095
11,17,campus,local_q,67,0.14824161510814735,-27.320297437805813
11,17,campus,pooled_q,67,0.14824161510814735,-26.68018291675827
11,17,commuter,federated_q,64,0.14824161510814735,-89.16797628158359
11,17,commuter,local_q,64,0.14824161510814735,-92.572947104745
11,17,commuter,pooled_q,64,0.14824161510814735,-105.16673053532357
11,17,commuter,federated_q,65,0.14824161510814735,-86.65801213998067
11,17,commuter,local_q,65,0.14824161510814735,-71.76699539536858
11,17,commuter,pooled_q,65,0.14824161510814735,-93.7614485948821
11,17,commuter,federated_q,66,0.14824161510814735,-71.71838176447392
11,17,commuter,local_q,66,0.14824161510814735,-91.30088176447391
11,17,commuter,pooled_q,66,0.14824161510814735,-104.92259291911353
11,17,commuter,federated_q,67,0.14824161510814735,-84.90974139274091
11,17,commuter,local_q,67,0.14824161510814735,-90.27224139274091
11,17,commuter,pooled_q,67,0.14824161510814735,-82.75657403393892
11,17,mixed_use,federated_q,64,0.14824161510814735,-94.12522116878122
11,17,mixed_use,local_q,64,0.14824161510814735,-105.52499073307739
11,17,mixed_use,pooled_q,64,0.14824161510814735,-101.2996823570263
11,17,mixed_use,federated_q,65,0.14824161510814735,-104.82920455778452
11,17,mixed_use,local_q,65,0.14824161510814735,-71.24523383958369
11,17,mixed_use,pooled_q,65,0.14824161510814735,-119.06330887795546
11,17,mixed_use,federated_q,66,0.14824161510814735,-96.80876515536765
11,17,mixed_use,local_q,66,0.14824161510814735,-84.54652522859179
11,17,mixed_use,pooled_q,66,0.14824161510814735,-99.87556987576384
11,17,mixed_use,federated_q,67,0.14824161510814735,-99.03816705000318
11,17,mixed_use,local_q,67,0.14824161510814735,-119.08283706440766
11,17,mixed_use,pooled_q,67,0.14824161510814735,-119.26519951999734
11,18,campus,federated_q,68,0.13341745359733262,-34.493943796141615
11,18,campus,local_q,68,0.13341745359733262,-27.345290523539884
11,18,campus,pooled_q,68,0.13341745359733262,-26.768568367967944
11,18,campus,federated_q,69,0.13341745359733262,-25.36843232136693
11,18,campus,local_q,69,0.13341745359733262,-26.295080153920708
11,18,campus,pooled_q,69,0.13341745359733262,-37.881539915763675
11,18,campus,federated_q,70,0.13341745359733262,-28.483369048393115
11,18,campus,local_q,70,0.13341745359733262,-22.77477857636149
11,18,campus,pooled_q,70,0.13341745359733262,-28.669645399189783
11,18,campus,federated_q,71,0.13341745359733262,-37.69321757915642
11,18,campus,local_q,71,0.13341745359733262,-44.600958331428735
11,18,campus,pooled_q,71,0.13341745359733262,-25.152385571130356
11,18,commuter,federated_q,68,0.13341745359733262,-105.52729367105499
11,18,commuter,local_q,68,0.13341745359733262,-97.46448763910249
11,18,commuter,pooled_q,68,0.13341745359733262,-94.0863833434016
11,18,commuter,federated_q,69,0.13341745359733262,-89.5411186537243
11,18,commuter,local_q,69,0.13341745359733262,-85.961505468857
11,18,commuter,pooled_q,69,0.13341745359733262,-93.32357532925286
11,18,commuter,federated_q,70,0.13341745359733262,-84.31767590212041
11,18,commuter,local_q,70,0.13341745359733262,-62.817152175668795
11,18,commuter,pooled_q,70,0.13341745359733262,-75.2233095671098
11,18,commuter,federated_q,71,0.13341745359733262,-84.36196692870433
11,18,commuter,local_q,71,0.13341745359733262,-75.06946692870433
11,18,commuter,pooled_q,71,0.13341745359733262,-75.19530957174877
11,18,mixed_use,federated_q,68,0.13341745359733262,-93.80256226734966
11,18,mixed_use,local_q,68,0.13341745359733262,-84.24754606470258
11,18,mixed_use,pooled_q,68,0.13341745359733262,-76.20512183871632
11,18,mixed_use,federated_q,69,0.13341745359733262,-111.62348022756194
11,18,mixed_use,local_q,69,0.13341745359733262,-98.6401395408534
11,18,mixed_use,pooled_q,69,0.13341745359733262,-104.41794158974709
11,18,mixed_use,federated_q,70,0.13341745359733262,-101.40398713166626
11,18,mixed_use,local_q,70,0.13341745359733262,-105.70931449436765
11,18,mixed_use,pooled_q,70,0.13341745359733262,-111.16872627092862
11,18,mixed_use,federated_q,71,0.13341745359733262,-102.11382306847956
11,18,mixed_use,local_q,71,0.13341745359733262,-103.42621027401057
11,18,mixed_use,pooled_q,71,0.13341745359733262,-121.52318417978599
11,19,campus,federated_q,72,0.12007570823759935,-7.8378596954536315
11,19,campus,local_q,72,0.12007570823759935,-13.81202000607386
11,19,campus,pooled_q,72,0.12007570823759935,-43.71097507093398
11,19,campus,federated_q,73,0.12007570823759935,-34.23045723485013
11,19,campus,local_q,73,0.12007570823759935,-39.340063934223515
11,19,campus,pooled_q,73,0.12007570823759935,-25.322396154092342
11,19,campus,federated_q,74,0.12007570823759935,-40.137718376000755
11,19,campus,local_q,74,0.12007570823759935,-45.830894255061125
11,19,campus,pooled_q,74,0.12007570823759935,-21.833799619790458
11,19,campus,federated_q,75,0.12007570823759935,-18.24646300670819
11,19,campus,local_q,75,0.12007570823759935,-47.65325269239902
11,19,campus,pooled_q,75,0.12007570823759935,-8.336935576534431
11,19,commuter,federated_q,72,0.12007570823759935,-86.15846791395819
11,19,commuter,local_q,72,0.12007570823759935,-72.83550519082289
11,19,commuter,pooled_q,72,0.12007570823759935,-78.61068278793687
11,19,commuter,federated_q,73,0.12007570823759935,-83.22944113510765
11,19,commuter,local_q,73,0.12007570823759935,-79.26944113510764
11,19,commuter,pooled_q,73,0.12007570823759935,-87.16436576232181
11,19,commuter,federated_q,74,0.12007570823759935,-91.39412567850133
11,19,commuter,local_q,74,0.12007570823759935,-113.70495325939332
11,19,commuter,pooled_q,74,0.12007570823759935,-91.44806441629432
11,19,commuter,federated_q,75,0.12007570823759935,-96.32851840243715
11,19,commuter,local_q,75,0.12007570823759935,-94.8150697695361
11,19,commuter,pooled_q,75,0.12007570823759935,-92.64514902442244
11,19,mixed_use,federated_q,72,0.12007570823759935,-89.56935218861148
11,19,mixed_use,local_q,72,0.12007570823759935,-108.41871869673332
11,19,mixed_use,pooled_q,72,0.12007570823759935,-92.98900050612352
11,19,mixed_use,federated_q,73,0.12007570823759935,-118.16369023501257
11,19,mixed_use,local_q,73,0.12007570823759935,-110.13607658089246
11,19,mixed_use,pooled_q,73,0.12007570823759935,-118.52670364930114
11,19,mixed_use,federated_q,74,0.12007570823759935,-99.23960970303492
11,19,mixed_use,local_q,74,0.12007570823759935,-97.34958697433949
11,19,mixed_use,pooled_q,74,0.12007570823759935,-114.92841408359187
11,19,mixed_use,federated_q,75,0.12007570823759935,-69.53333574321879
11,19,mixed_use,local_q,75,0.12007570823759935,-69.2945789349531
11,19,mixed_use,pooled_q,75,0.12007570823759935,-76.97955584232784
11,20,campus,federated_q,76,0.10806813741383943,5.123757276832034
11,20,campus,local_q,76,0.10806813741383943,-41.00615385343015
11,20,campus,pooled_q,76,0.10806813741383943,4.759015770739344
11,20,campus,federated_q,77,0.10806813741383943,-2.6078482669448997
11,20,campus,local_q,77,0.10806813741383943,-39.63695989386329
11,20,campus,pooled_q,77,0.10806813741383943,-8.580086592063063
11,20,campus,federated_q,78,0.10806813741383943,-32.01172449453736
11,20,campus,local_q,78,0.10806813741383943,-46.06337792932449
11,20,campus,pooled_q,78,0.10806813741383943,-22.012133677519518
11,20,campus,federated_q,79,0.10806813741383943,-6.408311096305255
11,20,campus,local_q,79,0.10806813741383943,-15.250915748727481
11,20,campus,pooled_q,79,0.10806813741383943,-5.403102336911571
11,20,commuter,federated_q,76,0.10806813741383943,-98.44801378354273
11,20,commuter,local_q,76,0.10806813741383943,-95.12903679589542
11,20,commuter,pooled_q,76,0.10806813741383943,-99.50360887691517
11,20,commuter,federated_q,77,0.10806813741383943,-97.6062429424016
11,20,commuter,local_q,77,0.10806813741383943,-107.2099481721076
11,20,commuter,pooled_q,77,0.10806813741383943,-102.27404951483527
11,20,commuter,federated_q,78,0.10806813741383943,-66.13459991008678
11,20,commuter,local_q,78,0.10806813741383943,-89.9903707282598
11,20,commuter,pooled_q,78,0.10806813741383943,-96.407557829349
11,20,commuter,federated_q,79,0.10806813741383943,-75.49343624923972
11,20,commuter,local_q,79,0.10806813741383943,-97.20123150651658
11,20,commuter,pooled_q,79,0.10806813741383943,-83.94026246753256
11,20,mixed_use,federated_q,76,0.10806813741383943,-101.48348426307292
11,20,mixed_use,local_q,76,0.10806813741383943,-104.84186061806203
11,20,mixed_use,pooled_q,76,0.10806813741383943,-100.04964826916728
11,20,mixed_use,federated_q,77,0.10806813741383943,-77.56106544586274
11,20,mixed_use,local_q,77,0.10806813741383943,-86.38260927950398
11,20,mixed_use,pooled_q,77,0.10806813741383943,-72.58327004283804
11,20,mixed_use,federated_q,78,0.10806813741383943,-95.68032614168114
11,20,mixed_use,local_q,78,0.10806813741383943,-88.13444882933258
11,20,mixed_use,pooled_q,78,0.10806813741383943,-72.32842306935889
11,20,mixed_use,federated_q,79,0.10806813741383943,-107.67917914649381
11,20,mixed_use,local_q,79,0.10806813741383943,-86.52972490041007
11,20,mixed_use,pooled_q,79,0.10806813741383943,-86.46981920748934
23,1,campus,federated_q,0,0.8,-27.24213885521304
23,1,campus,local_q,0,0.8,-27.24213885521304
23,1,campus,pooled_q,0,0.8,-27.24213885521304
23,1,campus,federated_q,1,0.8,-30.677276465128433
23,1,campus,local_q,1,0.8,-30.677276465128433
23,1,campus,pooled_q,1,0.8,-30.677276465128433
23,1,campus,federated_q,2,0.8,-30.116818538571174
23,1,campus,local_q,2,0.8,-30.116818538571174
23,1,campus,pooled_q,2,0.8,-30.116818538571174
23,1,campus,federated_q,3,0.8,-24.435177390995694
23,1,campus,local_q,3,0.8,-24.435177390995694
23,1,campus,pooled_q,3,0.8,-24.435177390995694
23,1,commuter,federated_q,0,0.8,-90.48060248463563
23,1,commuter,local_q,0,0.8,-90.48060248463563
23,1,commuter,pooled_q,0,0.8,-90.48060248463563
23,1,commuter,federated_q,1,0.8,-109.88869125608856
23,1,commuter,local_q,1,0.8,-109.88869125608856
23,1,commuter,pooled_q,1,0.8,-109.88869125608855
23,1,commuter,federated_q,2,0.8,-114.97475490792675
23,1,commuter,local_q,2,0.8,-114.97475490792675
23,1,commuter,pooled_q,2,0.8,-114.97475490792675
23,1,commuter,federated_q,3,0.8,-88.21103100685568
23,1,commuter,local_q,3,0.8,-88.21103100685568
23,1,commuter,pooled_q,3,0.8,-88.21103100685568
23,1,mixed_use,federated_q,0,0.8,-96.9144904540229
23,1,mixed_use,local_q,0,0.8,-96.9144904540229
23,1,mixed_use,pooled_q,0,0.8,-104.54946138940761
23,1,mixed_use,federated_q,1,0.8,-107.1601080342805
23,1,mixed_use,local_q,1,0.8,-107.1601080342805
23,1,mixed_use,pooled_q,1,0.8,-107.13831218544686
23,1,mixed_use,federated_q,2,0.8,-109.81318947577938
23,1,mixed_use,local_q,2,0.8,-109.81318947577938
23,1,mixed_use,pooled_q,2,0.8,-107.84035545479261
23,1,mixed_use,federated_q,3,0.8,-94.62890041588074
23,1,mixed_use,local_q,3,0.8,-94.62890041588074
23,1,mixed_use,pooled_q,3,0.8,-95.80928377923406
23,2,campus,federated_q,4,0.7200000000000001,-26.688425683726877
23,2,campus,local_q,4,0.7200000000000001,-26.10433502893719
23,2,campus,pooled_q,4,0.7200000000000001,-21.598634229786956
23,2,campus,federated_q,5,0.7200000000000001,-34.20135394942643
23,2,campus,local_q,5,0.7200000000000001,-34.662835152452914
23,2,campus,pooled_q,5,0.7200000000000001,-34.690455451636595
23,2,campus,federated_q,6,0.7200000000000001,-29.474244278029296
23,2,campus,local_q,6,0.7200000000000001,-25.498405131909472
23,2,campus,pooled_q,6,0.7200000000000001,-30.57738364601894
23,2,campus,federated_q,7,0.7200000000000001,-43.698251042243655
23,2,campus,local_q,7,0.7200000000000001,-46.80396352079981
23,2,campus,pooled_q,7,0.7200000000000001,-47.1810557715987
23,2,commuter,federated_q,4,0.7200000000000001,-85.02842992100406
23,2,commuter,local_q,4,0.7200000000000001,-81.41342992100405
23,2,commuter,pooled_q,4,0.7200000000000001,-91.80842992100403
23,2,commuter,federated_q,5,0.7200000000000001,-110.52744000424302
23,2,commuter,local_q,5,0.7200000000000001,-108.31424337641974
23,2,commuter,pooled_q,5,0.7200000000000001,-110.04674337641974
23,2,commuter,federated_q,6,0.7200000000000001,-100.40265329172367
23,2,commuter,local_q,6,0.7200000000000001,-98.4291378380633
23,2,commuter,pooled_q,6,0.7200000000000001,-100.40265329172365
23,2,commuter,federated_q,7,0.7200000000000001,-99.7220072325259
23,2,commuter,local_q,7,0.7200000000000001,-97.87953632990983
23,2,commuter,pooled_q,7,0.7200000000000001,-96.23502637117038
23,2,mixed_use,federated_q,4,0.7200000000000001,-108.35028566400439
23,2,mixed_use,local_q,4,0.7200000000000001,-110.15094411807507
23,2,mixed_use,pooled_q,4,0.7200000000000001,-105.02945753161298
23,2,mixed_use,federated_q,5,0.7200000000000001,-98.02066668336573
23,2,mixed_use,local_q,5,0.7200000000000001,-100.09965050077663
23,2,mixed_use,pooled_q,5,0.7200000000000001,-97.84024284423131
23,2,mixed_use,federated_q,6,0.7200000000000001,-103.1355739709268
23,2,mixed_use,local_q,6,0.7200000000000001,-103.38904055169976
23,2,mixed_use,pooled_q,6,0.7200000000000001,-103.91961507853425
23,2,mixed_use,federated_q,7,0.7200000000000001,-92.54994406321973
23,2,mixed_use,local_q,7,0.7200000000000001,-93.77592362911994
23,2,mixed_use,pooled_q,7,0.7200000000000001,-94.08562904023519
23,3,campus,federated_q,8,0.6480000000000001,-9.326025611999007
23,3,campus,local_q,8,0.6480000000000001,-6.427821683579286
23,3,campus,pooled_q,8,0.6480000000000001,-7.159294638985172
23,3,campus,federated_q,9,0.6480000000000001,-26.028229369450525
23,3,campus,local_q,9,0.6480000000000001,-26.811175398569368
23,3,campus,pooled_q,9,0.6480000000000001,-25.06904953227804
23,3,campus,federated_q,10,0.6480000000000001,-20.0199606518218
23,3,campus,local_q,10,0.6480000000000001,-19.71937224924157
23,3,campus,pooled_q,10,0.6480000000000001,-19.550794034983067
23,3,campus,federated_q,11,0.6480000000000001,-13.941258251282212
23,3,campus,local_q,11,0.6480000000000001,-23.225866219103384
23,3,campus,pooled_q,11,0.6480000000000001,-13.488359230236167
23,3,commuter,federated_q,8,0.6480000000000001,-93.62724939885348
23,3,commuter,local_q,8,0.6480000000000001,-95.28474939885346
23,3,commuter,pooled_q,8,0.6480000000000001,-91.82874193886326
23,3,commuter,federated_q,9,0.6480000000000001,-94.38920723042116
23,3,commuter,local_q,9,0.6480000000000001,-92.69072665686963
23,3,commuter,pooled_q,9,0.6480000000000001,-92.65670723042118
23,3,commuter,federated_q,10,0.6480000000000001,-96.73044092786553
23,3,commuter,local_q,10,0.6480000000000001,-89.61772753412225
23,3,commuter,pooled_q,10,0.6480000000000001,-89.61772753412224
23,3,commuter,federated_q,11,0.6480000000000001,-106.79831851103168
23,3,commuter,local_q,11,0.6480000000000001,-103.32919213658363
23,3,commuter,pooled_q,11,0.6480000000000001,-105.08081851103168
23,3,mixed_use,federated_q,8,0.6480000000000001,-98.03154189634321
23,3,mixed_use,local_q,8,0.6480000000000001,-99.4532909491992
23,3,mixed_use,pooled_q,8,0.6480000000000001,-97.6250048569061
23,3,mixed_use,federated_q,9,0.6480000000000001,-105.04505184820962
23,3,mixed_use,local_q,9,0.6480000000000001,-104.48001551665298
23,3,mixed_use,pooled_q,9,0.6480000000000001,-97.67419584217265
23,3,mixed_use,federated_q,10,0.6480000000000001,-107.61799924358372
23,3,mixed_use,local_q,10,0.6480000000000001,-105.15520528645224
23,3,mixed_use,pooled_q,10,0.6480000000000001,-101.54389480457455
23,3,mixed_use,federated_q,11,0.6480000000000001,-91.74773266613482
23,3,mixed_use,local_q,11,0.6480000000000001,-98.41733903225116
23,3,mixed_use,pooled_q,11,0.6480000000000001,-92.88194412450186
23,4,campus,federated_q,12,0.5832,-36.046927764505945
23,4,campus,local_q,12,0.5832,-36.71643905711504
23,4,campus,pooled_q,12,0.5832,-34.450997050981115
23,4,campus,federated_q,13,0.5832,-17.85972601722603
23,4,campus,local_q,13,0.5832,-17.91733181754778
23,4,campus,pooled_q,13,0.5832,-19.332380513390778
23,4,campus,federated_q,14,0.5832,-33.64838679049092
23,4,campus,local_q,14,0.5832,-34.59572117361037
23,4,campus,pooled_q,14,0.5832,-32.823121278472584
23,4,campus,federated_q,15,0.5832,-32.8703718011239
23,4,campus,local_q,15,0.5832,-33.70458081657557
23,4,campus,pooled_q,15,0.5832,-34.89211823743109
23,4,commuter,federated_q,12,0.5832,-113.87247792065789
23,4,commuter,local_q,12,0.5832,-117.57747792065788
23,4,commuter,pooled_q,12,0.5832,-122.84997792065789
23,4,commuter,federated_q,13,0.5832,-99.56561644241032
23,4,commuter,local_q,13,0.5832,-101.60777005662399
23,4,commuter,pooled_q,13,0.5832,-99.875270056624
23,4,commuter,federated_q,14,0.5832,-80.44714188411155
23,4,commuter,local_q,14,0.5832,-80.53300067173339
23,4,commuter,pooled_q,14,0.5832,-82.55740097602023
23,4,commuter,federated_q,15,0.5832,-101.41477441174942
23,4,commuter,local_q,15,0.5832,-101.30977441174943
23,4,commuter,pooled_q,15,0.5832,-111.04800173503139
23,4,mixed_use,federated_q,12,0.5832,-102.4564467354828
23,4,mixed_use,local_q,12,0.5832,-101.91887412928781
23,4,mixed_use,pooled_q,12,0.5832,-96.48324876970337
23,4,mixed_use,federated_q,13,0.5832,-108.2980580967674
23,4,mixed_use,local_q,13,0.5832,-106.43981477624797
23,4,mixed_use,pooled_q,13,0.5832,-108.46121233863735
23,4,mixed_use,federated_q,14,0.5832,-88.21296196349788
23,4,mixed_use,local_q,14,0.5832,-89.03571413402629
23,4,mixed_use,pooled_q,14,0.5832,-88.12867108682471
23,4,mixed_use,federated_q,15,0.5832,-109.32585819728763
23,4,mixed_use,local_q,15,0.5832,-110.93423799239447
23,4,mixed_use,pooled_q,15,0.5832,-101.2173436741929
23,5,campus,federated_q,16,0.52488,-36.5086024165237
23,5,campus,local_q,16,0.52488,-37.35043265047751
23,5,campus,pooled_q,16,0.52488,-32.9187091012905
23,5,campus,federated_q,17,0.52488,-29.04172914775301
23,5,campus,local_q,17,0.52488,-27.901502942355187
23,5,campus,pooled_q,17,0.52488,-22.364430953069025
23,5,campus,federated_q,18,0.52488,-22.11884535601295
23,5,campus,local_q,18,0.52488,-25.536264064587126
23,5,campus,pooled_q,18,0.52488,-19.54400975620752
23,5,campus,federated_q,19,0.52488,-20.56644570491843
23,5,campus,local_q,19,0.52488,-20.68897472440967
23,5,campus,pooled_q,19,0.52488,-16.349991241135296
23,5,commuter,federated_q,16,0.52488,-94.05616276560933
23,5,commuter,local_q,16,0.52488,-102.82366276560934
23,5,commuter,pooled_q,16,0.52488,-99.20757881998524
23,5,commuter,federated_q,17,0.52488,-88.59879886705897
23,5,commuter,local_q,17,0.52488,-90.52396757107509
23,5,commuter,pooled_q,17,0.52488,-86.86629886705899
23,5,commuter,federated_q,18,0.52488,-106.53894224988309
23,5,commuter,local_q,18,0.52488,-104.65644224988307
23,5,commuter,pooled_q,18,0.52488,-104.91144224988307
23,5,commuter,federated_q,19,0.52488,-95.01918846739086
23,5,commuter,local_q,19,0.52488,-89.71668846739085
23,5,commuter,pooled_q,19,0.52488,-89.61168846739085
23,5,mixed_use,federated_q,16,0.52488,-80.62488647087245
23,5,mixed_use,local_q,16,0.52488,-79.59013991451612
23,5,mixed_use,pooled_q,16,0.52488,-76.18288346276219
23,5,mixed_use,federated_q,17,0.52488,-100.27712587473798
23,5,mixed_use,local_q,17,0.52488,-105.852646402708
23,5,mixed_use,pooled_q,17,0.52488,-101.7060631145377
23,5,mixed_use,federated_q,18,0.52488,-92.61876667000026
23,5,mixed_use,local_q,18,0.52488,-94.83970739124058
23,5,mixed_use,pooled_q,18,0.52488,-96.47523815685513
23,5,mixed_use,federated_q,19,0.52488,-111.30732847104439
23,5,mixed_use,local_q,19,0.52488,-109.42482847104436
23,5,mixed_use,pooled_q,19,0.52488,-107.56507415867715
23,6,campus,federated_q,20,0.4723920000000001,-34.70088678289773
23,6,campus,local_q,20,0.4723920000000001,-36.457708846551256
23,6,campus,pooled_q,20,0.4723920000000001,-34.503804157743865
23,6,campus,federated_q,21,0.4723920000000001,-22.506558580156245
23,6,campus,local_q,21,0.4723920000000001,-21.913047227643105
23,6,campus,pooled_q,21,0.4723920000000001,-19.868740663303317
23,6,campus,federated_q,22,0.4723920000000001,-16.34376494663912
23,6,campus,local_q,22,0.4723920000000001,-15.728480785601327
23,6,campus,pooled_q,22,0.4723920000000001,-16.67652703276264
23,6,campus,federated_q,23,0.4723920000000001,-34.52552438599736
23,6,campus,local_q,23,0.4723920000000001,-31.696913150182596
23,6,campus,pooled_q,23,0.4723920000000001,-30.860023344068473
23,6,commuter,federated_q,20,0.4723920000000001,-89.11629779284827
23,6,commuter,local_q,20,0.4723920000000001,-89.06090225012277
23,6,commuter,pooled_q,20,0.4723920000000001,-85.60629779284827
23,6,commuter,federated_q,21,0.4723920000000001,-100.84547894123126
23,6,commuter,local_q,21,0.4723920000000001,-95.42512142875172
23,6,commuter,pooled_q,21,0.4723920000000001,-93.69262142875172
23,6,commuter,federated_q,22,0.4723920000000001,-104.35228146153011
23,6,commuter,local_q,22,0.4723920000000001,-100.6772814615301
23,6,commuter,pooled_q,22,0.4723920000000001,-102.7960388100809
23,6,commuter,federated_q,23,0.4723920000000001,-82.31147195661472
23,6,commuter,local_q,23,0.4723920000000001,-93.39879733475814
23,6,commuter,pooled_q,23,0.4723920000000001,-86.37137949743966
23,6,mixed_use,federated_q,20,0.4723920000000001,-98.80829568926629
23,6,mixed_use,local_q,20,0.4723920000000001,-95.92004656966435
23,6,mixed_use,pooled_q,20,0.4723920000000001,-96.20136925559032
23,6,mixed_use,federated_q,21,0.4723920000000001,-106.004415566233
23,6,mixed_use,local_q,21,0.4723920000000001,-95.52552311890635
23,6,mixed_use,pooled_q,21,0.4723920000000001,-97.32833957052522
23,6,mixed_use,federated_q,22,0.4723920000000001,-89.16224299672471
23,6,mixed_use,local_q,22,0.4723920000000001,-92.25679181221555
23,6,mixed_use,pooled_q,22,0.4723920000000001,-92.4471980627647
23,6,mixed_use,federated_q,23,0.4723920000000001,-100.77618062382005
23,6,mixed_use,local_q,23,0.4723920000000001,-101.30590612648086
23,6,mixed_use,pooled_q,23,0.4723920000000001,-109.49389681053776
23,7,campus,federated_q,24,0.42515280000000005,-22.89080404359981
23,7,campus,local_q,24,0.42515280000000005,-37.09680125560629
23,7,campus,pooled_q,24,0.42515280000000005,-24.432602937288944
23,7,campus,federated_q,25,0.42515280000000005,-34.14655014303696
23,7,campus,local_q,25,0.42515280000000005,-26.20415013719819
23,7,campus,pooled_q,25,0.42515280000000005,-46.26480856253453
23,7,campus,federated_q,26,0.42515280000000005,-28.160860367644773
23,7,campus,local_q,26,0.42515280000000005,-26.529357978312333
23,7,campus,pooled_q,26,0.42515280000000005,-29.396639027540395
23,7,campus,federated_q,27,0.42515280000000005,-46.24442210865189
23,7,campus,local_q,27,0.42515280000000005,-37.74708410853372
23,7,campus,pooled_q,27,0.42515280000000005,-28.308100273225904
23,7,commuter,federated_q,24,0.42515280000000005,-104.10595195167723
23,7,commuter,local_q,24,0.42515280000000005,-92.08345195167723
23,7,commuter,pooled_q,24,0.42515280000000005,-89.3723772690648
23,7,commuter,federated_q,25,0.42515280000000005,-99.05110847470294
23,7,commuter,local_q,25,0.42515280000000005,-104.59360847470293
23,7,commuter,pooled_q,25,0.42515280000000005,-99.57610847470296
23,7,commuter,federated_q,26,0.42515280000000005,-86.89709792503197
23,7,commuter,local_q,26,0.42515280000000005,-88.91955302466666
23,7,commuter,pooled_q,26,0.42515280000000005,-92.51459792503195
23,7,commuter,federated_q,27,0.42515280000000005,-91.33567866023327
23,7,commuter,local_q,27,0.42515280000000005,-78.62844190887508
23,7,commuter,pooled_q,27,0.42515280000000005,-89.44542908288818
23,7,mixed_use,federated_q,24,0.42515280000000005,-100.533361054458
23,7,mixed_use,local_q,24,0.42515280000000005,-109.6380254052582
23,7,mixed_use,pooled_q,24,0.42515280000000005,-107.11442308781521
23,7,mixed_use,federated_q,25,0.42515280000000005,-84.51894922817829
23,7,mixed_use,local_q,25,0.42515280000000005,-90.30851134348866
23,7,mixed_use,pooled_q,25,0.42515280000000005,-104.58748830099144
23,7,mixed_use,federated_q,26,0.42515280000000005,-88.20411533364695
23,7,mixed_use,local_q,26,0.42515280000000005,-85.64972343323994
23,7,mixed_use,pooled_q,26,0.42515280000000005,-84.38667949700377
23,7,mixed_use,federated_q,27,0.42515280000000005,-97.9222831351776
23,7,mixed_use,local_q,27,0.42515280000000005,-113.08108195149133
23,7,mixed_use,pooled_q,27,0.42515280000000005,-103.30242169291809
23,8,campus,federated_q,28,0.38263752000000006,-8.437950300525113
23,8,campus,local_q,28,0.38263752000000006,-12.873515437672022
23,8,campus,pooled_q,28,0.38263752000000006,-35.92055210011653
23,8,campus,federated_q,29,0.38263752000000006,-26.830984204735763
23,8,campus,local_q,29,0.38263752000000006,-25.080003767818763
23,8,campus,pooled_q,29,0.38263752000000006,-22.713030818133472
23,8,campus,federated_q,30,0.38263752000000006,-26.372533797272272
23,8,campus,local_q,30,0.38263752000000006,-26.711249989389103
23,8,campus,pooled_q,30,0.38263752000000006,-48.356243463560226
23,8,campus,federated_q,31,0.38263752000000006,-11.613540738899735
23,8,campus,local_q,31,0.38263752000000006,-20.423636471301524
23,8,campus,pooled_q,31,0.38263752000000006,-14.402201893278194
23,8,commuter,federated_q,28,0.38263752000000006,-109.98757689701812
23,8,commuter,local_q,28,0.38263752000000006,-107.38697289899073
23,8,commuter,pooled_q,28,0.38263752000000006,-104.68057561025479
23,8,commuter,federated_q,29,0.38263752000000006,-94.77533117778322
23,8,commuter,local_q,29,0.38263752000000006,-81.02033117778323
23,8,commuter,pooled_q,29,0.38263752000000006,-79.18283117778324
23,8,commuter,federated_q,30,0.38263752000000006,-106.23934119905608
23,8,commuter,local_q,30,0.38263752000000006,-99.09934119905607
23,8,commuter,pooled_q,30,0.38263752000000006,-106.57760409060631
23,8,commuter,federated_q,31,0.38263752000000006,-79.54123008990994
23,8,commuter,local_q,31,0.38263752000000006,-84.99082609924103
23,8,commuter,pooled_q,31,0.38263752000000006,-79.54123008990994
23,8,mixed_use,federated_q,28,0.38263752000000006,-98.60081211711996
23,8,mixed_use,local_q,28,0.38263752000000006,-111.12898467261667
23,8,mixed_use,pooled_q,28,0.38263752000000006,-114.46928785009149
23,8,mixed_use,federated_q,29,0.38263752000000006,-112.44690933941672
23,8,mixed_use,local_q,29,0.38263752000000006,-96.80444405376998
23,8,mixed_use,pooled_q,29,0.38263752000000006,-107.34137971166048
23,8,mixed_use,federated_q,30,0.38263752000000006,-111.85830641057338
23,8,mixed_use,local_q,30,0.38263752000000006,-102.53082453997621
23,8,mixed_use,pooled_q,30,0.38263752000000006,-99.97140818543943
23,8,mixed_use,federated_q,31,0.38263752000000006,-93.82896098272761
23,8,mixed_use,local_q,31,0.38263752000000006,-100.42350915142237
23,8,mixed_use,pooled_q,31,0.38263752000000006,-96.85161141581284
23,9,campus,federated_q,32,0.3443737680000001,-25.00598653049425
23,9,campus,local_q,32,0.3443737680000001,-16.564319364091922
23,9,campus,pooled_q,32,0.3443737680000001,-30.784484693011652
23,9,campus,federated_q,33,0.3443737680000001,-34.548831850004625
23,9,campus,local_q,33,0.3443737680000001,-32.10667747626635
23,9,campus,pooled_q,33,0.3443737680000001,-31.590917712075875
23,9,campus,federated_q,34,0.3443737680000001,-39.7912986224275
23,9,campus,local_q,34,0.3443737680000001,-37.98921613405596
23,9,campus,pooled_q,34,0.3443737680000001,-42.98729351269767
23,9,campus,federated_q,35,0.3443737680000001,-28.373454941970998
23,9,campus,local_q,35,0.3443737680000001,-25.331617662066314
23,9,campus,pooled_q,35,0.3443737680000001,-48.4338229509985
23,9,commuter,federated_q,32,0.3443737680000001,-94.38509396705359
23,9,commuter,local_q,32,0.3443737680000001,-111.72509396705357
23,9,commuter,pooled_q,32,0.3443737680000001,-105.33297635257888
23,9,commuter,federated_q,33,0.3443737680000001,-95.88699130873322
23,9,commuter,local_q,33,0.3443737680000001,-88.6419913087332
23,9,commuter,pooled_q,33,0.3443737680000001,-110.17681246700762
23,9,commuter,federated_q,34,0.3443737680000001,-89.87542467607894
23,9,commuter,local_q,34,0.3443737680000001,-101.53890047183599
23,9,commuter,pooled_q,34,0.3443737680000001,-97.10815607499262
23,9,commuter,federated_q,35,0.3443737680000001,-94.5688215449792
23,9,commuter,local_q,35,0.3443737680000001,-102.87397249349524
23,9,commuter,pooled_q,35,0.3443737680000001,-98.83035128429688
23,9,mixed_use,federated_q,32,0.3443737680000001,-106.44946795388519
23,9,mixed_use,local_q,32,0.3443737680000001,-125.00673245579826
23,9,mixed_use,pooled_q,32,0.3443737680000001,-107.18473676468521
23,9,mixed_use,federated_q,33,0.3443737680000001,-94.92893329900485
23,9,mixed_use,local_q,33,0.3443737680000001,-90.07284621431971
23,9,mixed_use,pooled_q,33,0.3443737680000001,-94.62524399877624
23,9,mixed_use,federated_q,34,0.3443737680000001,-109.43064509182732
23,9,mixed_use,local_q,34,0.3443737680000001,-90.57310862333703
23,9,mixed_use,pooled_q,34,0.3443737680000001,-120.15080394256012
23,9,mixed_use,federated_q,35,0.3443737680000001,-115.81936810274561
23,9,mixed_use,local_q,35,0.3443737680000001,-100.5197985053916
23,9,mixed_use,pooled_q,35,0.3443737680000001,-119.20042210912592
23,10,campus,federated_q,36,0.3099363912000001,-15.406172431190706
23,10,campus,local_q,36,0.3099363912000001,-36.57413883689839
23,10,campus,pooled_q,36,0.3099363912000001,-40.25226278165259
23,10,campus,federated_q,37,0.3099363912000001,-0.5231795343514435
23,10,campus,local_q,37,0.3099363912000001,-9.530499427220244
23,10,campus,pooled_q,37,0.3099363912000001,-2.287782191667049
23,10,campus,federated_q,38,0.3099363912000001,-22.45314940316511
23,10,campus,local_q,38,0.3099363912000001,-32.97996285366926
23,10,campus,pooled_q,38,0.3099363912000001,-25.339741798776874
23,10,campus,federated_q,39,0.3099363912000001,-4.182742446050856
23,10,campus,local_q,39,0.3099363912000001,-6.372187455664306
23,10,campus,pooled_q,39,0.3099363912000001,-5.299169756131884
23,10,commuter,federated_q,36,0.3099363912000001,-82.5104490750275
23,10,commuter,local_q,36,0.3099363912000001,-80.51735686450934
23,10,commuter,pooled_q,36,0.3099363912000001,-81.6354490750275
23,10,commuter,federated_q,37,0.3099363912000001,-102.89685131403192
23,10,commuter,local_q,37,0.3099363912000001,-107.77935131403191
23,10,commuter,pooled_q,37,0.3099363912000001,-86.73584441558239
23,10,commuter,federated_q,38,0.3099363912000001,-94.01182969329702
23,10,commuter,local_q,38,0.3099363912000001,-95.86432969329701
23,10,commuter,pooled_q,38,0.3099363912000001,-85.03432969329702
23,10,commuter,federated_q,39,0.3099363912000001,-78.14679719343822
23,10,commuter,local_q,39,0.3099363912000001,-85.16037924334748
23,10,commuter,pooled_q,39,0.3099363912000001,-81.64179719343822
23,10,mixed_use,federated_q,36,0.3099363912000001,-97.5083988580761
23,10,mixed_use,local_q,36,0.3099363912000001,-97.08143639377647
23,10,mixed_use,pooled_q,36,0.3099363912000001,-86.89898558039611
23,10,mixed_use,federated_q,37,0.3099363912000001,-113.81960939985608
23,10,mixed_use,local_q,37,0.3099363912000001,-106.33198903719952
23,10,mixed_use,pooled_q,37,0.3099363912000001,-98.47504655949858
23,10,mixed_use,federated_q,38,0.3099363912000001,-101.13164802137658
23,10,mixed_use,local_q,38,0.3099363912000001,-97.7531830188966
23,10,mixed_use,pooled_q,38,0.3099363912000001,-93.33668306186891
23,10,mixed_use,federated_q,39,0.3099363912000001,-100.58993625573649
23,10,mixed_use,local_q,39,0.3099363912000001,-115.69601098408661
23,10,mixed_use,pooled_q,39,0.3099363912000001,-99.59429940682466
23,11,campus,federated_q,40,0.2789427520800001,-21.619047339677884
23,11,campus,local_q,40,0.2789427520800001,-10.5668699360291
23,11,campus,pooled_q,40,0.2789427520800001,-8.504766306996734
23,11,campus,federated_q,41,0.2789427520800001,-28.164967822911585
23,11,campus,local_q,41,0.2789427520800001,-15.335797596125348
23,11,campus,pooled_q,41,0.2789427520800001,-12.000559612527734
23,11,campus,federated_q,42,0.2789427520800001,-43.35358730661753
23,11,campus,local_q,42,0.2789427520800001,-33.04087327850156
23,11,campus,pooled_q,42,0.2789427520800001,-36.98478483552663
23,11,campus,federated_q,43,0.2789427520800001,-13.773705004779943
23,11,campus,local_q,43,0.2789427520800001,-38.62761909561682
23,11,campus,pooled_q,43,0.2789427520800001,-23.68470803201032
23,11,commuter,federated_q,40,0.2789427520800001,-110.54203753883047
23,11,commuter,local_q,40,0.2789427520800001,-109.88518578993592
23,11,commuter,pooled_q,40,0.2789427520800001,-102.62888763622675
23,11,commuter,federated_q,41,0.2789427520800001,-83.53411246394342
23,11,commuter,local_q,41,0.2789427520800001,-81.46607030476207
23,11,commuter,pooled_q,41,0.2789427520800001,-80.01316774675192
23,11,commuter,federated_q,42,0.2789427520800001,-88.91192455104986
23,11,commuter,local_q,42,0.2789427520800001,-102.73732372141005
23,11,commuter,pooled_q,42,0.2789427520800001,-95.65732372141004
23,11,commuter,federated_q,43,0.2789427520800001,-82.21273206094503
23,11,commuter,local_q,43,0.2789427520800001,-75.17773206094503
23,11,commuter,pooled_q,43,0.2789427520800001,-87.21924424974222
23,11,mixed_use,federated_q,40,0.2789427520800001,-93.8391062392899
23,11,mixed_use,local_q,40,0.2789427520800001,-102.5693189899832
23,11,mixed_use,pooled_q,40,0.2789427520800001,-103.78800413171129
23,11,mixed_use,federated_q,41,0.2789427520800001,-96.57833062608022
23,11,mixed_use,local_q,41,0.2789427520800001,-121.58207214838677
23,11,mixed_use,pooled_q,41,0.2789427520800001,-104.63038049033493
23,11,mixed_use,federated_q,42,0.2789427520800001,-96.18019041738972
23,11,mixed_use,local_q,42,0.2789427520800001,-98.46904421902993
23,11,mixed_use,pooled_q,42,0.2789427520800001,-88.68954904067651
23,11,mixed_use,federated_q,43,0.2789427520800001,-118.63682999986811
23,11,mixed_use,local_q,43,0.2789427520800001,-97.1137193678047
23,11,mixed_use,pooled_q,43,0.2789427520800001,-88.51987807633508
23,12,campus,federated_q,44,0.25104847687200005,-14.156304391300768
23,12,campus,local_q,44,0.25104847687200005,-24.354603666381262
23,12,campus,pooled_q,44,0.25104847687200005,-14.688581933921531
23,12,campus,federated_q,45,0.25104847687200005,-34.83370657239311
23,12,campus,local_q,45,0.25104847687200005,-32.882976318278416
23,12,campus,pooled_q,45,0.25104847687200005,-33.13428872010443
23,12,campus,federated_q,46,0.25104847687200005,-12.680134770289477
23,12,campus,local_q,46,0.25104847687200005,-27.15448641344643
23,12,campus,pooled_q,46,0.25104847687200005,-12.322071412763659
23,12,campus,federated_q,47,0.25104847687200005,-6.9638783133622155
23,12,campus,local_q,47,0.25104847687200005,-11.85110704588735
23,12,campus,pooled_q,47,0.25104847687200005,-7.21446694313654
23,12,commuter,federated_q,44,0.25104847687200005,-90.62774305132649
23,12,commuter,local_q,44,0.25104847687200005,-97.34774305132647
23,12,commuter,pooled_q,44,0.25104847687200005,-101.75669464795118
23,12,commuter,federated_q,45,0.25104847687200005,-105.84126435051013
23,12,commuter,local_q,45,0.25104847687200005,-122.26928553408717
23,12,commuter,pooled_q,45,0.25104847687200005,-118.28376435051015
23,12,commuter,federated_q,46,0.25104847687200005,-97.30555687660902
23,12,commuter,local_q,46,0.25104847687200005,-106.58846194935585
23,12,commuter,pooled_q,46,0.25104847687200005,-93.84055687660901
23,12,commuter,federated_q,47,0.25104847687200005,-86.11079867547426
23,12,commuter,local_q,47,0.25104847687200005,-103.06077111140374
23,12,commuter,pooled_q,47,0.25104847687200005,-81.90657540009913
23,12,mixed_use,federated_q,44,0.25104847687200005,-98.88257889107227
23,12,mixed_use,local_q,44,0.25104847687200005,-114.95027751123959
23,12,mixed_use,pooled_q,44,0.25104847687200005,-89.02341767191062
23,12,mixed_use,federated_q,45,0.25104847687200005,-82.60371371595386
23,12,mixed_use,local_q,45,0.25104847687200005,-77.40197988437966
23,12,mixed_use,pooled_q,45,0.25104847687200005,-85.73412589133433
23,12,mixed_use,federated_q,46,0.25104847687200005,-80.62859576454389
23,12,mixed_use,local_q,46,0.25104847687200005,-85.15976869762005
23,12,mixed_use,pooled_q,46,0.25104847687200005,-100.44658778930787
23,12,mixed_use,federated_q,47,0.25104847687200005,-99.90500767876756
23,12,mixed_use,local_q,47,0.25104847687200005,-75.57356688297662
23,12,mixed_use,pooled_q,47,0.25104847687200005,-97.91352723326904
23,13,campus,federated_q,48,0.2259436291848001,-16.649603220777777
23,13,campus,local_q,48,0.2259436291848001,-34.69300861906811
23,13,campus,pooled_q,48,0.2259436291848001,-31.280836685018592
23,13,campus,federated_q,49,0.2259436291848001,-13.2059024674466
23,13,campus,local_q,49,0.2259436291848001,-10.550022612883588
23,13,campus,pooled_q,49,0.2259436291848001,-26.495563442004656
23,13,campus,federated_q,50,0.2259436291848001,-22.46576719181849
23,13,campus,local_q,50,0.2259436291848001,-10.74519380250402
23,13,campus,pooled_q,50,0.2259436291848001,-12.694336662861625
23,13,campus,federated_q,51,0.2259436291848001,-26.232736212804603
23,13,campus,local_q,51,0.2259436291848001,-22.336692815720422
23,13,campus,pooled_q,51,0.2259436291848001,-19.67675991667258
23,13,commuter,federated_q,48,0.2259436291848001,-92.29107212907978
23,13,commuter,local_q,48,0.2259436291848001,-89.85020077097111
23,13,commuter,pooled_q,48,0.2259436291848001,-86.70353297013878
23,13,commuter,federated_q,49,0.2259436291848001,-81.2132009734415
23,13,commuter,local_q,49,0.2259436291848001,-112.58919426390727
23,13,commuter,pooled_q,49,0.2259436291848001,-73.89733870812671
23,13,commuter,federated_q,50,0.2259436291848001,-77.7785917033435
23,13,commuter,local_q,50,0.2259436291848001,-81.57118416093893
23,13,commuter,pooled_q,50,0.2259436291848001,-72.90145461869298
23,13,commuter,federated_q,51,0.2259436291848001,-90.18286398041664
23,13,commuter,local_q,51,0.2259436291848001,-82.83860584943
23,13,commuter,pooled_q,51,0.2259436291848001,-82.86714963350508
23,13,mixed_use,federated_q,48,0.2259436291848001,-87.970211376254
23,13,mixed_use,local_q,48,0.2259436291848001,-84.40822538822592
23,13,mixed_use,pooled_q,48,0.2259436291848001,-73.86659267073735
23,13,mixed_use,federated_q,49,0.2259436291848001,-114.85166909831311
23,13,mixed_use,local_q,49,0.2259436291848001,-111.01306473508794
23,13,mixed_use,pooled_q,49,0.2259436291848001,-102.05252155260531
23,13,mixed_use,federated_q,50,0.2259436291848001,-110.32856798708494
23,13,mixed_use,local_q,50,0.2259436291848001,-125.26842148816857
23,13,mixed_use,pooled_q,50,0.2259436291848001,-108.46702900283154
23,13,mixed_use,federated_q,51,0.2259436291848001,-101.18217350937893
23,13,mixed_use,local_q,51,0.2259436291848001,-99.92247068151774
23,13,mixed_use,pooled_q,51,0.2259436291848001,-67.98687121503849
23,14,campus,federated_q,52,0.20334926626632008,-31.422351837835613
23,14,campus,local_q,52,0.20334926626632008,-15.05289393456512
23,14,campus,pooled_q,52,0.20334926626632008,-20.135125173940946
23,14,campus,federated_q,53,0.20334926626632008,-22.515802982390984
23,14,campus,local_q,53,0.20334926626632008,-9.040808660296989
23,14,campus,pooled_q,53,0.20334926626632008,-14.212461332506045
23,14,campus,federated_q,54,0.20334926626632008,-10.849574305118802
23,14,campus,local_q,54,0.20334926626632008,-9.924956255431669
23,14,campus,pooled_q,54,0.20334926626632008,-15.767979642642738
23,14,campus,federated_q,55,0.20334926626632008,-13.790661280845319
23,14,campus,local_q,55,0.20334926626632008,-15.49760602129296
23,14,campus,pooled_q,55,0.20334926626632008,-17.78855111578611
23,14,commuter,federated_q,52,0.20334926626632008,-90.05649395211553
23,14,commuter,local_q,52,0.20334926626632008,-78.5770738922578
23,14,commuter,pooled_q,52,0.20334926626632008,-85.28619258422414
23,14,commuter,federated_q,53,0.20334926626632008,-96.08351472164698
23,14,commuter,local_q,53,0.20334926626632008,-100.18449628408653
23,14,commuter,pooled_q,53,0.20334926626632008,-87.17114157407737
23,14,commuter,federated_q,54,0.20334926626632008,-91.9017451638473
23,14,commuter,local_q,54,0.20334926626632008,-79.13915023446364
23,14,commuter,pooled_q,54,0.20334926626632008,-87.76174516384731
23,14,commuter,federated_q,55,0.20334926626632008,-87.25205155832742
23,14,commuter,local_q,55,0.20334926626632008,-95.64506345018913
23,14,commuter,pooled_q,55,0.20334926626632008,-94.62268056565956
23,14,mixed_use,federated_q,52,0.20334926626632008,-97.55528656217086
23,14,mixed_use,local_q,52,0.20334926626632008,-89.647456787965
23,14,mixed_use,pooled_q,52,0.20334926626632008,-87.72879241931058
23,14,mixed_use,federated_q,53,0.20334926626632008,-110.49618967736632
23,14,mixed_use,local_q,53,0.20334926626632008,-86.76944184957583
23,14,mixed_use,pooled_q,53,0.20334926626632008,-93.20936363748314
23,14,mixed_use,federated_q,54,0.20334926626632008,-81.73203347829175
23,14,mixed_use,local_q,54,0.20334926626632008,-68.13677440604492
23,14,mixed_use,pooled_q,54,0.20334926626632008,-75.99071935721261
23,14,mixed_use,federated_q,55,0.20334926626632008,-96.3452003491892
23,14,mixed_use,local_q,55,0.20334926626632008,-79.76263917052412
23,14,mixed_use,pooled_q,55,0.20334926626632008,-70.19787003556078
23,15,campus,federated_q,56,0.18301433963968808,-37.62644065562193
23,15,campus,local_q,56,0.18301433963968808,-34.75988040666409
23,15,campus,pooled_q,56,0.18301433963968808,-38.163519534205115
23,15,campus,federated_q,57,0.18301433963968808,-17.335022166617854
23,15,campus,local_q,57,0.18301433963968808,-41.00294087703687
23,15,campus,pooled_q,57,0.18301433963968808,-23.758988121012628
23,15,campus,federated_q,58,0.18301433963968808,-18.25191748857406
23,15,campus,local_q,58,0.18301433963968808,-24.619516704748822
23,15,campus,pooled_q,58,0.18301433963968808,-25.032871346486015
23,15,campus,federated_q,59,0.18301433963968808,-16.161993923106238
23,15,campus,local_q,59,0.18301433963968808,-21.506963434636216
23,15,campus,pooled_q,59,0.18301433963968808,-22.93433805190753
23,15,commuter,federated_q,56,0.18301433963968808,-105.83558117640524
23,15,commuter,local_q,56,0.18301433963968808,-100.91791746862646
23,15,commuter,pooled_q,56,0.18301433963968808,-98.55541746862647
23,15,commuter,federated_q,57,0.18301433963968808,-91.52663636210846
23,15,commuter,local_q,57,0.18301433963968808,-88.06163636210847
23,15,commuter,pooled_q,57,0.18301433963968808,-98.88936926798756
23,15,commuter,federated_q,58,0.18301433963968808,-95.01950842744918
23,15,commuter,local_q,58,0.18301433963968808,-87.99828019203376
23,15,commuter,pooled_q,58,0.18301433963968808,-91.34450842744917
23,15,commuter,federated_q,59,0.18301433963968808,-96.38311577105299
23,15,commuter,local_q,59,0.18301433963968808,-103.37147491505448
23,15,commuter,pooled_q,59,0.18301433963968808,-97.18767787293586
23,15,mixed_use,federated_q,56,0.18301433963968808,-77.9927380322222
23,15,mixed_use,local_q,56,0.18301433963968808,-82.50448988475092
23,15,mixed_use,pooled_q,56,0.18301433963968808,-84.37072943356802
23,15,mixed_use,federated_q,57,0.18301433963968808,-103.18189167075958
23,15,mixed_use,local_q,57,0.18301433963968808,-81.46174406453873
23,15,mixed_use,pooled_q,57,0.18301433963968808,-105.13231677402662
23,15,mixed_use,federated_q,58,0.18301433963968808,-98.95845400571598
23,15,mixed_use,local_q,58,0.18301433963968808,-79.25994187061401
23,15,mixed_use,pooled_q,58,0.18301433963968808,-111.17578160860452
23,15,mixed_use,federated_q,59,0.18301433963968808,-103.02909166201867
23,15,mixed_use,local_q,59,0.18301433963968808,-99.88092679734235
23,15,mixed_use,pooled_q,59,0.18301433963968808,-99.89974736854646
23,16,campus,federated_q,60,0.16471290567571928,-8.19009069809189
23,16,campus,local_q,60,0.16471290567571928,-8.759462651485652
23,16,campus,pooled_q,60,0.16471290567571928,-16.16163787833468
23,16,campus,federated_q,61,0.16471290567571928,-25.0055619868115
23,16,campus,local_q,61,0.16471290567571928,-19.465047100170423
23,16,campus,pooled_q,61,0.16471290567571928,-39.45588915218428
23,16,campus,federated_q,62,0.16471290567571928,-25.173622781690096
23,16,campus,local_q,62,0.16471290567571928,-24.300432740992846
23,16,campus,pooled_q,62,0.16471290567571928,-18.043833106573878
23,16,campus,federated_q,63,0.16471290567571928,-52.10165849580572
23,16,campus,local_q,63,0.16471290567571928,-23.083960541167173
23,16,campus,pooled_q,63,0.16471290567571928,-45.00603192869466
23,16,commuter,federated_q,60,0.16471290567571928,-128.5168945596555
23,16,commuter,local_q,60,0.16471290567571928,-113.2869611147336
23,16,commuter,pooled_q,60,0.16471290567571928,-138.48113173986047
23,16,commuter,federated_q,61,0.16471290567571928,-114.78917702900995
23,16,commuter,local_q,61,0.16471290567571928,-107.86478342942587
23,16,commuter,pooled_q,61,0.16471290567571928,-109.21471431380446
23,16,commuter,federated_q,62,0.16471290567571928,-115.89299493737067
23,16,commuter,local_q,62,0.16471290567571928,-91.1937642175149
23,16,commuter,pooled_q,62,0.16471290567571928,-103.84049493737068
23,16,commuter,federated_q,63,0.16471290567571928,-106.02996268543558
23,16,commuter,local_q,63,0.16471290567571928,-85.02996268543559
23,16,commuter,pooled_q,63,0.16471290567571928,-119.22066641913662
23,16,mixed_use,federated_q,60,0.16471290567571928,-100.29552684030719
23,16,mixed_use,local_q,60,0.16471290567571928,-93.86317084887332
23,16,mixed_use,pooled_q,60,0.16471290567571928,-106.96811762475672
23,16,mixed_use,federated_q,61,0.16471290567571928,-78.2979944433913
23,16,mixed_use,local_q,61,0.16471290567571928,-57.41916682462907
23,16,mixed_use,pooled_q,61,0.16471290567571928,-67.38352753051392
23,16,mixed_use,federated_q,62,0.16471290567571928,-126.99613456612956
23,16,mixed_use,local_q,62,0.16471290567571928,-125.1645669818992
23,16,mixed_use,pooled_q,62,0.16471290567571928,-116.03378437620924
23,16,mixed_use,federated_q,63,0.16471290567571928,-112.06557611939974
23,16,mixed_use,local_q,63,0.16471290567571928,-117.60174451161707
23,16,mixed_use,pooled_q,63,0.16471290567571928,-84.50648147044939
23,17,campus,federated_q,64,0.14824161510814735,-15.013454645453967
23,17,campus,local_q,64,0.14824161510814735,-36.946364817125506
23,17,campus,pooled_q,64,0.14824161510814735,-20.300098316662407
23,17,campus,federated_q,65,0.14824161510814735,-13.636508605101689
23,17,campus,local_q,65,0.14824161510814735,-8.455116882361022
23,17,campus,pooled_q,65,0.14824161510814735,-8.26779030875881
23,17,campus,federated_q,66,0.14824161510814735,-29.867987363452308
23,17,campus,local_q,66,0.14824161510814735,-8.67124359142959
23,17,campus,pooled_q,66,0.14824161510814735,-2.450307058313915
23,17,campus,federated_q,67,0.14824161510814735,-28.436562603860423
23,17,campus,local_q,67,0.14824161510814735,-32.23291784488303
23,17,campus,pooled_q,67,0.14824161510814735,-43.615927847459865
23,17,commuter,federated_q,64,0.14824161510814735,-108.52499775485083
23,17,commuter,local_q,64,0.14824161510814735,-94.11434596702469
23,17,commuter,pooled_q,64,0.14824161510814735,-94.06499775485084
23,17,commuter,federated_q,65,0.14824161510814735,-61.13509678937436
23,17,commuter,local_q,65,0.14824161510814735,-69.17611168467212
23,17,commuter,pooled_q,65,0.14824161510814735,-59.21753316132485
23,17,commuter,federated_q,66,0.14824161510814735,-93.80683572258192
23,17,commuter,local_q,66,0.14824161510814735,-106.44160670982629
23,17,commuter,pooled_q,66,0.14824161510814735,-97.1267725741729
23,17,commuter,federated_q,67,0.14824161510814735,-79.75002140770181
23,17,commuter,local_q,67,0.14824161510814735,-82.7291694678907
23,17,commuter,pooled_q,67,0.14824161510814735,-97.68104180351264
23,17,mixed_use,federated_q,64,0.14824161510814735,-97.9215466278243
23,17,mixed_use,local_q,64,0.14824161510814735,-108.52276989960858
23,17,mixed_use,pooled_q,64,0.14824161510814735,-95.44178770243698
23,17,mixed_use,federated_q,65,0.14824161510814735,-127.22479980674092
23,17,mixed_use,local_q,65,0.14824161510814735,-119.89606770560916
23,17,mixed_use,pooled_q,65,0.14824161510814735,-95.01354818027988
23,17,mixed_use,federated_q,66,0.14824161510814735,-107.7087591584181
23,17,mixed_use,local_q,66,0.14824161510814735,-114.5591542370809
23,17,mixed_use,pooled_q,66,0.14824161510814735,-119.81868502568229
23,17,mixed_use,federated_q,67,0.14824161510814735,-104.46853384134747
23,17,mixed_use,local_q,67,0.14824161510814735,-136.02822446024794
23,17,mixed_use,pooled_q,67,0.14824161510814735,-104.34402242490859
23,18,campus,federated_q,68,0.13341745359733262,-16.82207757558369
23,18,campus,local_q,68,0.13341745359733262,-21.690805709450242
23,18,campus,pooled_q,68,0.13341745359733262,-11.599510447266434
23,18,campus,federated_q,69,0.13341745359733262,-37.84786445067472
23,18,campus,local_q,69,0.13341745359733262,-16.50914717183423
23,18,campus,pooled_q,69,0.13341745359733262,-13.9978914851736
23,18,campus,federated_q,70,0.13341745359733262,-41.91051984001416
23,18,campus,local_q,70,0.13341745359733262,-36.04588060559102
23,18,campus,pooled_q,70,0.13341745359733262,-34.73311648038897
23,18,campus,federated_q,71,0.13341745359733262,-32.84314276719638
23,18,campus,local_q,71,0.13341745359733262,-50.571243069541424
23,18,campus,pooled_q,71,0.13341745359733262,-34.22069857226581
23,18,commuter,federated_q,68,0.13341745359733262,-107.2686830141204
23,18,commuter,local_q,68,0.13341745359733262,-81.04190664978896
23,18,commuter,pooled_q,68,0.13341745359733262,-133.36118301412043
23,18,commuter,federated_q,69,0.13341745359733262,-91.89483812545353
23,18,commuter,local_q,69,0.13341745359733262,-90.29642823733224
23,18,commuter,pooled_q,69,0.13341745359733262,-125.33733812545357
23,18,commuter,federated_q,70,0.13341745359733262,-92.26091460570387
23,18,commuter,local_q,70,0.13341745359733262,-112.31472078410579
23,18,commuter,pooled_q,70,0.13341745359733262,-116.55182960208938
23,18,commuter,federated_q,71,0.13341745359733262,-95.27200196875152
23,18,commuter,local_q,71,0.13341745359733262,-85.4779101045803
23,18,commuter,pooled_q,71,0.13341745359733262,-105.14457418053604
23,18,mixed_use,federated_q,68,0.13341745359733262,-82.00017761439757
23,18,mixed_use,local_q,68,0.13341745359733262,-95.55046023209496
23,18,mixed_use,pooled_q,68,0.13341745359733262,-85.37985005377014
23,18,mixed_use,federated_q,69,0.13341745359733262,-117.52867573045758
23,18,mixed_use,local_q,69,0.13341745359733262,-105.6794554870836
23,18,mixed_use,pooled_q,69,0.13341745359733262,-106.66801816226682
23,18,mixed_use,federated_q,70,0.13341745359733262,-87.762626997099
23,18,mixed_use,local_q,70,0.13341745359733262,-91.20118051023064
23,18,mixed_use,pooled_q,70,0.13341745359733262,-85.00315655808856
23,18,mixed_use,federated_q,71,0.13341745359733262,-98.85649520004165
23,18,mixed_use,local_q,71,0.13341745359733262,-100.58950311508002
23,18,mixed_use,pooled_q,71,0.13341745359733262,-94.85337777342596
23,19,campus,federated_q,72,0.12007570823759935,5.205959269454141
23,19,campus,local_q,72,0.12007570823759935,-2.0658875890600146
23,19,campus,pooled_q,72,0.12007570823759935,1.3310923529867111
23,19,campus,federated_q,73,0.12007570823759935,-9.120318387777292
23,19,campus,local_q,73,0.12007570823759935,-25.22820266547356
23,19,campus,pooled_q,73,0.12007570823759935,-14.697231132644106
23,19,campus,federated_q,74,0.12007570823759935,-22.290404707898855
23,19,campus,local_q,74,0.12007570823759935,-40.761075043559266
23,19,campus,pooled_q,74,0.12007570823759935,-23.785995423830805
23,19,campus,federated_q,75,0.12007570823759935,-13.74431398002493
23,19,campus,local_q,75,0.12007570823759935,-39.966978542702094
23,19,campus,pooled_q,75,0.12007570823759935,-14.884964962319408
23,19,commuter,federated_q,72,0.12007570823759935,-111.83551034886241
23,19,commuter,local_q,72,0.12007570823759935,-90.07051034886243
23,19,commuter,pooled_q,72,0.12007570823759935,-91.32574964377342
23,19,commuter,federated_q,73,0.12007570823759935,-88.24908731442443
23,19,commuter,local_q,73,0.12007570823759935,-69.52339294638745
23,19,commuter,pooled_q,73,0.12007570823759935,-66.7584323371381
23,19,commuter,federated_q,74,0.12007570823759935,-117.60001772468236
23,19,commuter,local_q,74,0.12007570823759935,-67.1338785666118
23,19,commuter,pooled_q,74,0.12007570823759935,-67.1338785666118
23,19,commuter,federated_q,75,0.12007570823759935,-105.04791302015288
23,19,commuter,local_q,75,0.12007570823759935,-77.77568022065086
23,19,commuter,pooled_q,75,0.12007570823759935,-69.2296437157375
23,19,mixed_use,federated_q,72,0.12007570823759935,-97.56931534661678
23,19,mixed_use,local_q,72,0.12007570823759935,-108.88036067646068
23,19,mixed_use,pooled_q,72,0.12007570823759935,-91.29798338890903
23,19,mixed_use,federated_q,73,0.12007570823759935,-82.84802800317838
23,19,mixed_use,local_q,73,0.12007570823759935,-101.65144697354042
23,19,mixed_use,pooled_q,73,0.12007570823759935,-80.86643257030617
23,19,mixed_use,federated_q,74,0.12007570823759935,-81.84960219719366
23,19,mixed_use,local_q,74,0.12007570823759935,-72.91433920046218
23,19,mixed_use,pooled_q,74,0.12007570823759935,-85.13324655880254
23,19,mixed_use,federated_q,75,0.12007570823759935,-89.2380156170745
23,19,mixed_use,local_q,75,0.12007570823759935,-91.76315640638944
23,19,mixed_use,pooled_q,75,0.12007570823759935,-95.5383627974937
23,20,campus,federated_q,76,0.10806813741383943,-31.15775347965302
23,20,campus,local_q,76,0.10806813741383943,-56.10561672400348
23,20,campus,pooled_q,76,0.10806813741383943,-23.17384056850711
23,20,campus,federated_q,77,0.10806813741383943,-13.312528513034959
23,20,campus,local_q,77,0.10806813741383943,-11.430389643569738
23,20,campus,pooled_q,77,0.10806813741383943,-31.392494537041205
23,20,campus,federated_q,78,0.10806813741383943,-14.325941453601793
23,20,campus,local_q,78,0.10806813741383943,-4.575017616234355
23,20,campus,pooled_q,78,0.10806813741383943,-2.6648616685991904
23,20,campus,federated_q,79,0.10806813741383943,-24.31275435226824
23,20,campus,local_q,79,0.10806813741383943,-22.309044404175985
23,20,campus,pooled_q,79,0.10806813741383943,-15.833796606986255
23,20,commuter,federated_q,76,0.10806813741383943,-100.75230076116873
23,20,commuter,local_q,76,0.10806813741383943,-90.35308325905156
23,20,commuter,pooled_q,76,0.10806813741383943,-82.91969498259033
23,20,commuter,federated_q,77,0.10806813741383943,-108.34855914796296
23,20,commuter,local_q,77,0.10806813741383943,-81.06192231536106
23,20,commuter,pooled_q,77,0.10806813741383943,-81.95189159159506
23,20,commuter,federated_q,78,0.10806813741383943,-111.7357778001534
23,20,commuter,local_q,78,0.10806813741383943,-86.5279371334151
23,20,commuter,pooled_q,78,0.10806813741383943,-78.26206475306861
23,20,commuter,federated_q,79,0.10806813741383943,-115.49479090980343
23,20,commuter,local_q,79,0.10806813741383943,-86.9666470281785
23,20,commuter,pooled_q,79,0.10806813741383943,-76.85781103883771
23,20,mixed_use,federated_q,76,0.10806813741383943,-98.72471568271231
23,20,mixed_use,local_q,76,0.10806813741383943,-102.98999493716462
23,20,mixed_use,pooled_q,76,0.10806813741383943,-99.45910803784996
23,20,mixed_use,federated_q,77,0.10806813741383943,-92.25620685278966
23,20,mixed_use,local_q,77,0.10806813741383943,-107.41050762945848
23,20,mixed_use,pooled_q,77,0.10806813741383943,-102.4427572640335
23,20,mixed_use,federated_q,78,0.10806813741383943,-81.90658287843432
23,20,mixed_use,local_q,78,0.10806813741383943,-90.08673040778594
23,20,mixed_use,pooled_q,78,0.10806813741383943,-79.55641753467502
23,20,mixed_use,federated_q,79,0.10806813741383943,-91.46642761955214
23,20,mixed_use,local_q,79,0.10806813741383943,-112.71223461941914
23,20,mixed_use,pooled_q,79,0.10806813741383943,-81.14026017257495
37,1,campus,federated_q,0,0.8,-32.71843922619093
37,1,campus,local_q,0,0.8,-32.71843922619093
37,1,campus,pooled_q,0,0.8,-32.71843922619093
37,1,campus,federated_q,1,0.8,-31.7182344511666
37,1,campus,local_q,1,0.8,-31.7182344511666
37,1,campus,pooled_q,1,0.8,-31.7182344511666
37,1,campus,federated_q,2,0.8,-46.9060644122664
37,1,campus,local_q,2,0.8,-46.9060644122664
37,1,campus,pooled_q,2,0.8,-46.9060644122664
37,1,campus,federated_q,3,0.8,-31.98807724697614
37,1,campus,local_q,3,0.8,-31.98807724697614
37,1,campus,pooled_q,3,0.8,-31.98807724697614
37,1,commuter,federated_q,0,0.8,-98.08598364413633
37,1,commuter,local_q,0,0.8,-98.08598364413633
37,1,commuter,pooled_q,0,0.8,-98.08598364413633
37,1,commuter,federated_q,1,0.8,-114.59553251734408
37,1,commuter,local_q,1,0.8,-114.59553251734408
37,1,commuter,pooled_q,1,0.8,-114.59553251734408
37,1,commuter,federated_q,2,0.8,-119.47390554371263
37,1,commuter,local_q,2,0.8,-119.47390554371263
37,1,commuter,pooled_q,2,0.8,-119.47390554371263
37,1,commuter,federated_q,3,0.8,-94.88609822715777
37,1,commuter,local_q,3,0.8,-94.88609822715777
37,1,commuter,pooled_q,3,0.8,-94.88609822715777
37,1,mixed_use,federated_q,0,0.8,-117.6245151304438
37,1,mixed_use,local_q,0,0.8,-117.6245151304438
37,1,mixed_use,pooled_q,0,0.8,-117.80184600097148
37,1,mixed_use,federated_q,1,0.8,-108.13782302101855
37,1,mixed_use,local_q,1,0.8,-108.13782302101855
37,1,mixed_use,pooled_q,1,0.8,-106.76940061738685
37,1,mixed_use,federated_q,2,0.8,-84.41491551860146
37,1,mixed_use,local_q,2,0.8,-84.41491551860146
37,1,mixed_use,pooled_q,2,0.8,-84.53041551860144
37,1,mixed_use,federated_q,3,0.8,-108.14574735829625
37,1,mixed_use,local_q,3,0.8,-108.14574735829625
37,1,mixed_use,pooled_q,3,0.8,-107.89849536159892
37,2,campus,federated_q,4,0.7200000000000001,-16.529555891314292
37,2,campus,local_q,4,0.7200000000000001,-12.492772708195226
37,2,campus,pooled_q,4,0.7200000000000001,-16.07656435664526
37,2,campus,federated_q,5,0.7200000000000001,-33.40845294871651
37,2,campus,local_q,5,0.7200000000000001,-34.81913276414059
37,2,campus,pooled_q,5,0.7200000000000001,-34.66348435913683
37,2,campus,federated_q,6,0.7200000000000001,-29.7146033197096
37,2,campus,local_q,6,0.7200000000000001,-30.819320696839394
37,2,campus,pooled_q,6,0.7200000000000001,-30.27061442594111
37,2,campus,federated_q,7,0.7200000000000001,-23.961302323353472
37,2,campus,local_q,7,0.7200000000000001,-25.950789027091417
37,2,campus,pooled_q,7,0.7200000000000001,-23.117416976259005
37,2,commuter,federated_q,4,0.7200000000000001,-98.63581121382124
37,2,commuter,local_q,4,0.7200000000000001,-105.46081121382126
37,2,commuter,pooled_q,4,0.7200000000000001,-96.79831121382125
37,2,commuter,federated_q,5,0.7200000000000001,-95.08383687193593
37,2,commuter,local_q,5,0.7200000000000001,-91.72383687193594
37,2,commuter,pooled_q,5,0.7200000000000001,-91.72383687193593
37,2,commuter,federated_q,6,0.7200000000000001,-109.22303171527433
37,2,commuter,local_q,6,0.7200000000000001,-110.87603616207377
37,2,commuter,pooled_q,6,0.7200000000000001,-110.95553171527433
37,2,commuter,federated_q,7,0.7200000000000001,-105.66918180795801
37,2,commuter,local_q,7,0.7200000000000001,-107.09309884495127
37,2,commuter,pooled_q,7,0.7200000000000001,-103.936681807958
37,2,mixed_use,federated_q,4,0.7200000000000001,-91.90292348201244
37,2,mixed_use,local_q,4,0.7200000000000001,-93.1892914926207
37,2,mixed_use,pooled_q,4,0.7200000000000001,-85.50338790115849
37,2,mixed_use,federated_q,5,0.7200000000000001,-105.3603644732528
37,2,mixed_use,local_q,5,0.7200000000000001,-98.90281718824897
37,2,mixed_use,pooled_q,5,0.7200000000000001,-95.24980405144831
37,2,mixed_use,federated_q,6,0.7200000000000001,-118.45268897921424
37,2,mixed_use,local_q,6,0.7200000000000001,-118.08097411314812
37,2,mixed_use,pooled_q,6,0.7200000000000001,-120.72005755558432
37,2,mixed_use,federated_q,7,0.7200000000000001,-105.13702334877861
37,2,mixed_use,local_q,7,0.7200000000000001,-113.35910337822159
37,2,mixed_use,pooled_q,7,0.7200000000000001,-111.40237543997875
37,3,campus,federated_q,8,0.6480000000000001,-31.633107027162037
37,3,campus,local_q,8,0.6480000000000001,-29.294747958558073
37,3,campus,pooled_q,8,0.6480000000000001,-32.617815900971536
37,3,campus,federated_q,9,0.6480000000000001,-40.423063403973494
37,3,campus,local_q,9,0.6480000000000001,-40.43508182548139
37,3,campus,pooled_q,9,0.6480000000000001,-42.557160221915304
37,3,campus,federated_q,10,0.6480000000000001,-25.01295766920914
37,3,campus,local_q,10,0.6480000000000001,-24.595222104326538
37,3,campus,pooled_q,10,0.6480000000000001,-26.759125239252377
37,3,campus,federated_q,11,0.6480000000000001,-42.690181444419025
37,3,campus,local_q,11,0.6480000000000001,-42.690181444419025
37,3,campus,pooled_q,11,0.6480000000000001,-40.70118606956712
37,3,commuter,federated_q,8,0.6480000000000001,-109.03899334501935
37,3,commuter,local_q,8,0.6480000000000001,-106.87408579437587
37,3,commuter,pooled_q,8,0.6480000000000001,-103.40549499554629
37,3,commuter,federated_q,9,0.6480000000000001,-111.76902075700544
37,3,commuter,local_q,9,0.6480000000000001,-104.4807632709455
37,3,commuter,pooled_q,9,0.6480000000000001,-100.37727486065641
37,3,commuter,federated_q,10,0.6480000000000001,-96.20888655812237
37,3,commuter,local_q,10,0.6480000000000001,-96.20888655812237
37,3,commuter,pooled_q,10,0.6480000000000001,-96.20888655812239
37,3,commuter,federated_q,11,0.6480000000000001,-102.10675464201265
37,3,commuter,local_q,11,0.6480000000000001,-103.69861899703749
37,3,commuter,pooled_q,11,0.6480000000000001,-102.21175464201264
37,3,mixed_use,federated_q,8,0.6480000000000001,-121.34419606337663
37,3,mixed_use,local_q,8,0.6480000000000001,-125.28187047889863
37,3,mixed_use,pooled_q,8,0.6480000000000001,-119.37249466042287
37,3,mixed_use,federated_q,9,0.6480000000000001,-93.31279994661008
37,3,mixed_use,local_q,9,0.6480000000000001,-91.85314185857102
37,3,mixed_use,pooled_q,9,0.6480000000000001,-90.6091714607021
37,3,mixed_use,federated_q,10,0.6480000000000001,-88.22415904998128
37,3,mixed_use,local_q,10,0.6480000000000001,-82.23443577147172
37,3,mixed_use,pooled_q,10,0.6480000000000001,-80.82780584411428
37,3,mixed_use,federated_q,11,0.6480000000000001,-111.50776715590526
37,3,mixed_use,local_q,11,0.6480000000000001,-108.44906364310111
37,3,mixed_use,pooled_q,11,0.6480000000000001,-108.2340557088788
37,4,campus,federated_q,12,0.5832,-37.82715542964918
37,4,campus,local_q,12,0.5832,-34.66105893269181
37,4,campus,pooled_q,12,0.5832,-43.4496573083031
37,4,campus,federated_q,13,0.5832,-33.493332200834594
37,4,campus,local_q,13,0.5832,-44.62161524087798
37,4,campus,pooled_q,13,0.5832,-43.36767297157941
37,4,campus,federated_q,14,0.5832,-19.45282890617132
37,4,campus,local_q,14,0.5832,-27.744608499047228
37,4,campus,pooled_q,14,0.5832,-29.895165420504163
37,4,campus,federated_q,15,0.5832,-35.81045516306765
37,4,campus,local_q,15,0.5832,-37.38441763989628
37,4,campus,pooled_q,15,0.5832,-39.11693290659463
37,4,commuter,federated_q,12,0.5832,-83.78949696660045
37,4,commuter,local_q,12,0.5832,-92.4463772989041
37,4,commuter,pooled_q,12,0.5832,-83.78148022989502
37,4,commuter,federated_q,13,0.5832,-94.98929579676414
37,4,commuter,local_q,13,0.5832,-93.15179579676413
37,4,commuter,pooled_q,13,0.5832,-94.8842957967641
37,4,commuter,federated_q,14,0.5832,-89.94650247096456
37,4,commuter,local_q,14,0.5832,-95.05136752977054
37,4,commuter,pooled_q,14,0.5832,-86.29824066121708
37,4,commuter,federated_q,15,0.5832,-96.40610089246714
37,4,commuter,local_q,15,0.5832,-92.62610089246712
37,4,commuter,pooled_q,15,0.5832,-94.57033154400675
37,4,mixed_use,federated_q,12,0.5832,-92.65607297557128
37,4,mixed_use,local_q,12,0.5832,-98.33575836381827
37,4,mixed_use,pooled_q,12,0.5832,-104.41246395888987
37,4,mixed_use,federated_q,13,0.5832,-97.27865507893284
37,4,mixed_use,local_q,13,0.5832,-96.27439945331005
37,4,mixed_use,pooled_q,13,0.5832,-101.07692012521316
37,4,mixed_use,federated_q,14,0.5832,-89.65823730522126
37,4,mixed_use,local_q,14,0.5832,-89.3495027824669
37,4,mixed_use,pooled_q,14,0.5832,-90.79630109611203
37,4,mixed_use,federated_q,15,0.5832,-102.08126784008378
37,4,mixed_use,local_q,15,0.5832,-101.08805606611588
37,4,mixed_use,pooled_q,15,0.5832,-92.55662380065087
37,5,campus,federated_q,16,0.52488,-23.630835954227855
37,5,campus,local_q,16,0.52488,-24.453450225670444
37,5,campus,pooled_q,16,0.52488,-28.591687696347176
37,5,campus,federated_q,17,0.52488,-18.12132290900693
37,5,campus,local_q,17,0.52488,-25.299373244943055
37,5,campus,pooled_q,17,0.52488,-24.221149163798607
37,5,campus,federated_q,18,0.52488,-35.5950804747456
37,5,campus,local_q,18,0.52488,-35.44195653565657
37,5,campus,pooled_q,18,0.52488,-34.511504723360964
37,5,campus,federated_q,19,0.52488,-32.66472481936378
37,5,campus,local_q,19,0.52488,-44.93472202259555
37,5,campus,pooled_q,19,0.52488,-34.38972931434513
37,5,commuter,federated_q,16,0.52488,-89.76276671060954
37,5,commuter,local_q,16,0.52488,-89.64972108418648
37,5,commuter,pooled_q,16,0.52488,-105.40472108418649
37,5,commuter,federated_q,17,0.52488,-85.99562160139392
37,5,commuter,local_q,17,0.52488,-86.19651271580031
37,5,commuter,pooled_q,17,0.52488,-76.88452389483605
37,5,commuter,federated_q,18,0.52488,-103.13712492793638
37,5,commuter,local_q,18,0.52488,-114.87170414183299
37,5,commuter,pooled_q,18,0.52488,-101.64346496713378
37,5,commuter,federated_q,19,0.52488,-97.20455336611272
37,5,commuter,local_q,19,0.52488,-104.40836040659828
37,5,commuter,pooled_q,19,0.52488,-97.05836040659827
37,5,mixed_use,federated_q,16,0.52488,-98.9143038311342
37,5,mixed_use,local_q,16,0.52488,-100.87455659769408
37,5,mixed_use,pooled_q,16,0.52488,-92.214100229406
37,5,mixed_use,federated_q,17,0.52488,-96.61452410542091
37,5,mixed_use,local_q,17,0.52488,-96.41266231173704
37,5,mixed_use,pooled_q,17,0.52488,-95.45462286606663
37,5,mixed_use,federated_q,18,0.52488,-112.9862880430119
37,5,mixed_use,local_q,18,0.52488,-113.13046560477954
37,5,mixed_use,pooled_q,18,0.52488,-107.5966137138656
37,5,mixed_use,federated_q,19,0.52488,-96.29274859425476
37,5,mixed_use,local_q,19,0.52488,-96.36087015190094
37,5,mixed_use,pooled_q,19,0.52488,-82.47956653491796
37,6,campus,federated_q,20,0.4723920000000001,-29.61666092005488
37,6,campus,local_q,20,0.4723920000000001,-34.62455572091295
37,6,campus,pooled_q,20,0.4723920000000001,-27.30233210359808
37,6,campus,federated_q,21,0.4723920000000001,-43.339807816402256
37,6,campus,local_q,21,0.4723920000000001,-47.42711134509268
37,6,campus,pooled_q,21,0.4723920000000001,-39.96701154398695
37,6,campus,federated_q,22,0.4723920000000001,-10.69263445192146
37,6,campus,local_q,22,0.4723920000000001,-15.283968781301473
37,6,campus,pooled_q,22,0.4723920000000001,-6.0131253525203725
37,6,campus,federated_q,23,0.4723920000000001,-40.641435663227874
37,6,campus,local_q,23,0.4723920000000001,-35.77704817556092
37,6,campus,pooled_q,23,0.4723920000000001,-28.682961450739928
37,6,commuter,federated_q,20,0.4723920000000001,-97.39049138558639
37,6,commuter,local_q,20,0.4723920000000001,-99.37799138558638
37,6,commuter,pooled_q,20,0.4723920000000001,-101.26385060829925
37,6,commuter,federated_q,21,0.4723920000000001,-114.44199434005813
37,6,commuter,local_q,21,0.4723920000000001,-101.65628934457146
37,6,commuter,pooled_q,21,0.4723920000000001,-114.52009174203353
37,6,commuter,federated_q,22,0.4723920000000001,-97.2500663504723
37,6,commuter,local_q,22,0.4723920000000001,-100.71506635047228
37,6,commuter,pooled_q,22,0.4723920000000001,-100.50331635047229
37,6,commuter,federated_q,23,0.4723920000000001,-80.39183518021773
37,6,commuter,local_q,23,0.4723920000000001,-80.39183518021774
37,6,commuter,pooled_q,23,0.4723920000000001,-81.90075854259464
37,6,mixed_use,federated_q,20,0.4723920000000001,-84.95775680724245
37,6,mixed_use,local_q,20,0.4723920000000001,-93.1503159760313
37,6,mixed_use,pooled_q,20,0.4723920000000001,-79.36067909946539
37,6,mixed_use,federated_q,21,0.4723920000000001,-86.06258794978106
37,6,mixed_use,local_q,21,0.4723920000000001,-86.12640193105747
37,6,mixed_use,pooled_q,21,0.4723920000000001,-88.69847926001508
37,6,mixed_use,federated_q,22,0.4723920000000001,-96.56271353008768
37,6,mixed_use,local_q,22,0.4723920000000001,-85.54449493036142
37,6,mixed_use,pooled_q,22,0.4723920000000001,-77.8219898220157
37,6,mixed_use,federated_q,23,0.4723920000000001,-92.18545302868087
37,6,mixed_use,local_q,23,0.4723920000000001,-101.78576720555132
37,6,mixed_use,pooled_q,23,0.4723920000000001,-88.00729838251843
37,7,campus,federated_q,24,0.42515280000000005,-16.957812640461867
37,7,campus,local_q,24,0.42515280000000005,-20.607754073058707
37,7,campus,pooled_q,24,0.42515280000000005,-24.6167241237279
37,7,campus,federated_q,25,0.42515280000000005,-28.250888236538895
37,7,campus,local_q,25,0.42515280000000005,-18.501548937200635
37,7,campus,pooled_q,25,0.42515280000000005,-24.176221007889417
37,7,campus,federated_q,26,0.42515280000000005,-28.380846740052824
37,7,campus,local_q,26,0.42515280000000005,-20.164078513460417
37,7,campus,pooled_q,26,0.42515280000000005,-37.04043417593739
37,7,campus,federated_q,27,0.42515280000000005,-12.855604399496167
37,7,campus,local_q,27,0.42515280000000005,-14.683332144421577
37,7,campus,pooled_q,27,0.42515280000000005,-7.778542538898963
37,7,commuter,federated_q,24,0.42515280000000005,-88.18542910867431
37,7,commuter,local_q,24,0.42515280000000005,-82.37079259623559
37,7,commuter,pooled_q,24,0.42515280000000005,-82.43904518940883
37,7,commuter,federated_q,25,0.42515280000000005,-94.86576941066664
37,7,commuter,local_q,25,0.42515280000000005,-89.45826941066665
37,7,commuter,pooled_q,25,0.42515280000000005,-93.76981429317044
37,7,commuter,federated_q,26,0.42515280000000005,-90.43217602891113
37,7,commuter,local_q,26,0.42515280000000005,-92.37467602891115
37,7,commuter,pooled_q,26,0.42515280000000005,-88.69967602891111
37,7,commuter,federated_q,27,0.42515280000000005,-97.17395451873173
37,7,commuter,local_q,27,0.42515280000000005,-92.82838225390348
37,7,commuter,pooled_q,27,0.42515280000000005,-87.35797276667829
37,7,mixed_use,federated_q,24,0.42515280000000005,-93.20857487970848
37,7,mixed_use,local_q,24,0.42515280000000005,-103.60690227509602
37,7,mixed_use,pooled_q,24,0.42515280000000005,-91.09535164303064
37,7,mixed_use,federated_q,25,0.42515280000000005,-96.0749884289101
37,7,mixed_use,local_q,25,0.42515280000000005,-99.40622857814145
37,7,mixed_use,pooled_q,25,0.42515280000000005,-95.58166679815028
37,7,mixed_use,federated_q,26,0.42515280000000005,-88.97311569484955
37,7,mixed_use,local_q,26,0.42515280000000005,-97.32696956728762
37,7,mixed_use,pooled_q,26,0.42515280000000005,-86.38107072930383
37,7,mixed_use,federated_q,27,0.42515280000000005,-106.13072149526239
37,7,mixed_use,local_q,27,0.42515280000000005,-105.36162629606332
37,7,mixed_use,pooled_q,27,0.42515280000000005,-105.40260645296253
37,8,campus,federated_q,28,0.38263752000000006,-25.85101105396008
37,8,campus,local_q,28,0.38263752000000006,-18.1587498058688
37,8,campus,pooled_q,28,0.38263752000000006,-23.662441488585966
37,8,campus,federated_q,29,0.38263752000000006,-17.24763333245324
37,8,campus,local_q,29,0.38263752000000006,-14.594264949062369
37,8,campus,pooled_q,29,0.38263752000000006,-16.595857580481866
37,8,campus,federated_q,30,0.38263752000000006,-29.305507877212793
37,8,campus,local_q,30,0.38263752000000006,-16.39747253336784
37,8,campus,pooled_q,30,0.38263752000000006,-17.55542114323903
37,8,campus,federated_q,31,0.38263752000000006,-33.75284732703569
37,8,campus,local_q,31,0.38263752000000006,-25.564350372669537
37,8,campus,pooled_q,31,0.38263752000000006,-31.076599758497817
37,8,commuter,federated_q,28,0.38263752000000006,-102.46855304267885
37,8,commuter,local_q,28,0.38263752000000006,-105.82855304267883
37,8,commuter,pooled_q,28,0.38263752000000006,-95.43355304267885
37,8,commuter,federated_q,29,0.38263752000000006,-96.28162749260464
37,8,commuter,local_q,29,0.38263752000000006,-95.86162749260464
37,8,commuter,pooled_q,29,0.38263752000000006,-95.14026640741112
37,8,commuter,federated_q,30,0.38263752000000006,-89.88157153012187
37,8,commuter,local_q,30,0.38263752000000006,-93.89553530707298
37,8,commuter,pooled_q,30,0.38263752000000006,-101.77078432455362
37,8,commuter,federated_q,31,0.38263752000000006,-82.21748309938722
37,8,commuter,local_q,31,0.38263752000000006,-72.86858138993368
37,8,commuter,pooled_q,31,0.38263752000000006,-86.57690617591616
37,8,mixed_use,federated_q,28,0.38263752000000006,-110.77854381141951
37,8,mixed_use,local_q,28,0.38263752000000006,-109.35832787784403
37,8,mixed_use,pooled_q,28,0.38263752000000006,-120.95578751919788
37,8,mixed_use,federated_q,29,0.38263752000000006,-97.49325516045558
37,8,mixed_use,local_q,29,0.38263752000000006,-105.21591909378392
37,8,mixed_use,pooled_q,29,0.38263752000000006,-100.14615201079583
37,8,mixed_use,federated_q,30,0.38263752000000006,-99.6398892019274
37,8,mixed_use,local_q,30,0.38263752000000006,-107.12709749682776
37,8,mixed_use,pooled_q,30,0.38263752000000006,-88.97989572611831
37,8,mixed_use,federated_q,31,0.38263752000000006,-92.40659394449227
37,8,mixed_use,local_q,31,0.38263752000000006,-98.04622959264691
37,8,mixed_use,pooled_q,31,0.38263752000000006,-87.82823059825043
37,9,campus,federated_q,32,0.3443737680000001,-39.50575586619315
37,9,campus,local_q,32,0.3443737680000001,-41.47840072374665
37,9,campus,pooled_q,32,0.3443737680000001,-32.77758147555574
37,9,campus,federated_q,33,0.3443737680000001,-40.00378295656819
37,9,campus,local_q,33,0.3443737680000001,-38.49004650596902
37,9,campus,pooled_q,33,0.3443737680000001,-41.81451788210896
37,9,campus,federated_q,34,0.3443737680000001,-15.780461800822088
37,9,campus,local_q,34,0.3443737680000001,-48.26726535189552
37,9,campus,pooled_q,34,0.3443737680000001,-33.908593300348436
37,9,campus,federated_q,35,0.3443737680000001,-19.251000867533094
37,9,campus,local_q,35,0.3443737680000001,-41.186288930825114
37,9,campus,pooled_q,35,0.3443737680000001,-42.040159559080486
37,9,commuter,federated_q,32,0.3443737680000001,-99.87248107227708
37,9,commuter,local_q,32,0.3443737680000001,-98.1399810722771
37,9,commuter,pooled_q,32,0.3443737680000001,-98.1399810722771
37,9,commuter,federated_q,33,0.3443737680000001,-71.30124554333234
37,9,commuter,local_q,33,0.3443737680000001,-94.5480461585366
37,9,commuter,pooled_q,33,0.3443737680000001,-70.0692827667693
37,9,commuter,federated_q,34,0.3443737680000001,-73.13759879241664
37,9,commuter,local_q,34,0.3443737680000001,-88.73009879241661
37,9,commuter,pooled_q,34,0.3443737680000001,-76.67822275831625
37,9,commuter,federated_q,35,0.3443737680000001,-92.80516442810587
37,9,commuter,local_q,35,0.3443737680000001,-108.94532351898266
37,9,commuter,pooled_q,35,0.3443737680000001,-103.53782351898265
37,9,mixed_use,federated_q,32,0.3443737680000001,-87.12522970032823
37,9,mixed_use,local_q,32,0.3443737680000001,-83.56914518594634
37,9,mixed_use,pooled_q,32,0.3443737680000001,-87.64119626244201
37,9,mixed_use,federated_q,33,0.3443737680000001,-100.07139117545296
37,9,mixed_use,local_q,33,0.3443737680000001,-94.40049390491183
37,9,mixed_use,pooled_q,33,0.3443737680000001,-109.49191344885168
37,9,mixed_use,federated_q,34,0.3443737680000001,-106.91718213570927
37,9,mixed_use,local_q,34,0.3443737680000001,-106.02837074412827
37,9,mixed_use,pooled_q,34,0.3443737680000001,-114.7251261689561
37,9,mixed_use,federated_q,35,0.3443737680000001,-97.65359839090706
37,9,mixed_use,local_q,35,0.3443737680000001,-77.22230709660198
37,9,mixed_use,pooled_q,35,0.3443737680000001,-89.97830873144665
37,10,campus,federated_q,36,0.3099363912000001,-18.861758225822154
37,10,campus,local_q,36,0.3099363912000001,-42.38448536049063
37,10,campus,pooled_q,36,0.3099363912000001,-26.166716174594246
37,10,campus,federated_q,37,0.3099363912000001,-46.500065124466566
37,10,campus,local_q,37,0.3099363912000001,-53.37312798106293
37,10,campus,pooled_q,37,0.3099363912000001,-28.06913635241419
37,10,campus,federated_q,38,0.3099363912000001,-11.541848942328496
37,10,campus,local_q,38,0.3099363912000001,-26.058439718876095
37,10,campus,pooled_q,38,0.3099363912000001,-19.545747842063793
37,10,campus,federated_q,39,0.3099363912000001,-26.019574485039087
37,10,campus,local_q,39,0.3099363912000001,-30.770554471088914
37,10,campus,pooled_q,39,0.3099363912000001,-31.568575828139075
37,10,commuter,federated_q,36,0.3099363912000001,-98.1816823401731
37,10,commuter,local_q,36,0.3099363912000001,-108.52210649018969
37,10,commuter,pooled_q,36,0.3099363912000001,-94.42666767948681
37,10,commuter,federated_q,37,0.3099363912000001,-76.80112883564925
37,10,commuter,local_q,37,0.3099363912000001,-94.35112883564923
37,10,commuter,pooled_q,37,0.3099363912000001,-88.85191263024983
37,10,commuter,federated_q,38,0.3099363912000001,-104.81764378208584
37,10,commuter,local_q,38,0.3099363912000001,-103.86818911262861
37,10,commuter,pooled_q,38,0.3099363912000001,-100.62864109240672
37,10,commuter,federated_q,39,0.3099363912000001,-91.82334559742614
37,10,commuter,local_q,39,0.3099363912000001,-99.71499081742166
37,10,commuter,pooled_q,39,0.3099363912000001,-88.31334559742615
37,10,mixed_use,federated_q,36,0.3099363912000001,-78.33558009565367
37,10,mixed_use,local_q,36,0.3099363912000001,-77.88538644475842
37,10,mixed_use,pooled_q,36,0.3099363912000001,-91.06350654747374
37,10,mixed_use,federated_q,37,0.3099363912000001,-101.9569622582608
37,10,mixed_use,local_q,37,0.3099363912000001,-84.23331755391573
37,10,mixed_use,pooled_q,37,0.3099363912000001,-91.72212633953778
37,10,mixed_use,federated_q,38,0.3099363912000001,-96.72351868509567
37,10,mixed_use,local_q,38,0.3099363912000001,-106.84823768334495
37,10,mixed_use,pooled_q,38,0.3099363912000001,-96.9079311153795
37,10,mixed_use,federated_q,39,0.3099363912000001,-93.92077833433656
37,10,mixed_use,local_q,39,0.3099363912000001,-92.59757465387432
37,10,mixed_use,pooled_q,39,0.3099363912000001,-93.59175411100307
37,11,campus,federated_q,40,0.2789427520800001,-21.47644057557883
37,11,campus,local_q,40,0.2789427520800001,-33.9450188945171
37,11,campus,pooled_q,40,0.2789427520800001,-23.35639684360838
37,11,campus,federated_q,41,0.2789427520800001,-19.997953872640313
37,11,campus,local_q,41,0.2789427520800001,-16.922097057765612
37,11,campus,pooled_q,41,0.2789427520800001,-49.8489104459514
37,11,campus,federated_q,42,0.2789427520800001,-53.44232857650775
37,11,campus,local_q,42,0.2789427520800001,-35.27455011659365
37,11,campus,pooled_q,42,0.2789427520800001,-41.64668569137465
37,11,campus,federated_q,43,0.2789427520800001,-26.271434865358614
37,11,campus,local_q,43,0.2789427520800001,-24.75466949557673
37,11,campus,pooled_q,43,0.2789427520800001,-36.32113870436447
37,11,commuter,federated_q,40,0.2789427520800001,-74.47154608702897
37,11,commuter,local_q,40,0.2789427520800001,-111.69535228161918
37,11,commuter,pooled_q,40,0.2789427520800001,-96.31996498149594
37,11,commuter,federated_q,41,0.2789427520800001,-96.97319100191523
37,11,commuter,local_q,41,0.2789427520800001,-93.61319100191523
37,11,commuter,pooled_q,41,0.2789427520800001,-93.29819100191521
37,11,commuter,federated_q,42,0.2789427520800001,-88.87476769329466
37,11,commuter,local_q,42,0.2789427520800001,-94.61403111196593
37,11,commuter,pooled_q,42,0.2789427520800001,-87.5861792272546
37,11,commuter,federated_q,43,0.2789427520800001,-90.34538762244027
37,11,commuter,local_q,43,0.2789427520800001,-81.89668973382493
37,11,commuter,pooled_q,43,0.2789427520800001,-84.9587749901856
37,11,mixed_use,federated_q,40,0.2789427520800001,-110.05833955802534
37,11,mixed_use,local_q,40,0.2789427520800001,-126.56340280357253
37,11,mixed_use,pooled_q,40,0.2789427520800001,-122.42519222670035
37,11,mixed_use,federated_q,41,0.2789427520800001,-82.53599574942729
37,11,mixed_use,local_q,41,0.2789427520800001,-83.56905937112292
37,11,mixed_use,pooled_q,41,0.2789427520800001,-82.04189579939185
37,11,mixed_use,federated_q,42,0.2789427520800001,-102.1938119178968
37,11,mixed_use,local_q,42,0.2789427520800001,-90.4185930161945
37,11,mixed_use,pooled_q,42,0.2789427520800001,-112.54241453876745
37,11,mixed_use,federated_q,43,0.2789427520800001,-91.37343895411884
37,11,mixed_use,local_q,43,0.2789427520800001,-89.73713822205747
37,11,mixed_use,pooled_q,43,0.2789427520800001,-90.83949500208631
37,12,campus,federated_q,44,0.25104847687200005,-28.866479270298615
37,12,campus,local_q,44,0.25104847687200005,-29.466731597111675
37,12,campus,pooled_q,44,0.25104847687200005,-21.327573730149034
37,12,campus,federated_q,45,0.25104847687200005,-37.22378785925023
37,12,campus,local_q,45,0.25104847687200005,-32.040166916663544
37,12,campus,pooled_q,45,0.25104847687200005,-25.2205407005015
37,12,campus,federated_q,46,0.25104847687200005,-30.08140086696692
37,12,campus,local_q,46,0.25104847687200005,-21.95274862794262
37,12,campus,pooled_q,46,0.25104847687200005,-21.382651970802883
37,12,campus,federated_q,47,0.25104847687200005,-22.567754683046704
37,12,campus,local_q,47,0.25104847687200005,-22.953481124725624
37,12,campus,pooled_q,47,0.25104847687200005,-16.788214991297117
37,12,commuter,federated_q,44,0.25104847687200005,-98.30962832010678
37,12,commuter,local_q,44,0.25104847687200005,-117.5771283201068
37,12,commuter,pooled_q,44,0.25104847687200005,-107.81816817406528
37,12,commuter,federated_q,45,0.25104847687200005,-98.60639333449764
37,12,commuter,local_q,45,0.25104847687200005,-109.15640486261113
37,12,commuter,pooled_q,45,0.25104847687200005,-102.59608057585457
37,12,commuter,federated_q,46,0.25104847687200005,-89.22947232249008
37,12,commuter,local_q,46,0.25104847687200005,-113.11801104316888
37,12,commuter,pooled_q,46,0.25104847687200005,-93.43149533397349
37,12,commuter,federated_q,47,0.25104847687200005,-113.74687685416055
37,12,commuter,local_q,47,0.25104847687200005,-98.00101985591132
37,12,commuter,pooled_q,47,0.25104847687200005,-115.7832463173067
37,12,mixed_use,federated_q,44,0.25104847687200005,-110.55077767892726
37,12,mixed_use,local_q,44,0.25104847687200005,-107.09816048943289
37,12,mixed_use,pooled_q,44,0.25104847687200005,-102.7120787407335
37,12,mixed_use,federated_q,45,0.25104847687200005,-97.71391049185455
37,12,mixed_use,local_q,45,0.25104847687200005,-90.15448318855442
37,12,mixed_use,pooled_q,45,0.25104847687200005,-83.2453163971901
37,12,mixed_use,federated_q,46,0.25104847687200005,-106.13328951737394
37,12,mixed_use,local_q,46,0.25104847687200005,-108.86450791983385
37,12,mixed_use,pooled_q,46,0.25104847687200005,-82.39373556824704
37,12,mixed_use,federated_q,47,0.25104847687200005,-104.57542661318817
37,12,mixed_use,local_q,47,0.25104847687200005,-111.23765527279767
37,12,mixed_use,pooled_q,47,0.25104847687200005,-90.14066208067646
37,13,campus,federated_q,48,0.2259436291848001,-25.41972142643821
37,13,campus,local_q,48,0.2259436291848001,-28.65517980629281
37,13,campus,pooled_q,48,0.2259436291848001,-27.895715642174252
37,13,campus,federated_q,49,0.2259436291848001,-27.213454095485186
37,13,campus,local_q,49,0.2259436291848001,-34.55577950482615
37,13,campus,pooled_q,49,0.2259436291848001,-46.78026419793707
37,13,campus,federated_q,50,0.2259436291848001,-49.693346078979694
37,13,campus,local_q,50,0.2259436291848001,-45.324926033858105
37,13,campus,pooled_q,50,0.2259436291848001,-36.82495307928091
37,13,campus,federated_q,51,0.2259436291848001,-18.955965937074907
37,13,campus,local_q,51,0.2259436291848001,-35.93685690163906
37,13,campus,pooled_q,51,0.2259436291848001,-26.791035204799346
37,13,commuter,federated_q,48,0.2259436291848001,-78.13829986699764
37,13,commuter,local_q,48,0.2259436291848001,-83.36024959803125
37,13,commuter,pooled_q,48,0.2259436291848001,-76.46739606591015
37,13,commuter,federated_q,49,0.2259436291848001,-95.32746012601467
37,13,commuter,local_q,49,0.2259436291848001,-91.87971960027664
37,13,commuter,pooled_q,49,0.2259436291848001,-89.67613916789595
37,13,commuter,federated_q,50,0.2259436291848001,-111.64579122599127
37,13,commuter,local_q,50,0.2259436291848001,-108.52579122599124
37,13,commuter,pooled_q,50,0.2259436291848001,-86.43393667459397
37,13,commuter,federated_q,51,0.2259436291848001,-104.2594241972443
37,13,commuter,local_q,51,0.2259436291848001,-115.5805453517647
37,13,commuter,pooled_q,51,0.2259436291848001,-113.66585838519588
37,13,mixed_use,federated_q,48,0.2259436291848001,-73.98230937389508
37,13,mixed_use,local_q,48,0.2259436291848001,-81.38209794335314
37,13,mixed_use,pooled_q,48,0.2259436291848001,-76.07747737339363
37,13,mixed_use,federated_q,49,0.2259436291848001,-119.43066591636473
37,13,mixed_use,local_q,49,0.2259436291848001,-108.69084515034116
37,13,mixed_use,pooled_q,49,0.2259436291848001,-112.10618243215335
37,13,mixed_use,federated_q,50,0.2259436291848001,-96.3105895627828
37,13,mixed_use,local_q,50,0.2259436291848001,-99.54738636646807
37,13,mixed_use,pooled_q,50,0.2259436291848001,-91.1676603894857
37,13,mixed_use,federated_q,51,0.2259436291848001,-103.61654965288757
37,13,mixed_use,local_q,51,0.2259436291848001,-108.17738965008513
37,13,mixed_use,pooled_q,51,0.2259436291848001,-90.17032567684899
37,14,campus,federated_q,52,0.20334926626632008,-33.38339489064472
37,14,campus,local_q,52,0.20334926626632008,-41.69904362555302
37,14,campus,pooled_q,52,0.20334926626632008,-30.864597612939104
37,14,campus,federated_q,53,0.20334926626632008,5.559674315904265
37,14,campus,local_q,53,0.20334926626632008,0.7008731698500156
37,14,campus,pooled_q,53,0.20334926626632008,7.058344802278525
37,14,campus,federated_q,54,0.20334926626632008,-14.789651162179302
37,14,campus,local_q,54,0.20334926626632008,-20.747674830379346
37,14,campus,pooled_q,54,0.20334926626632008,-23.341971955349372
37,14,campus,federated_q,55,0.20334926626632008,-32.831900567988505
37,14,campus,local_q,55,0.20334926626632008,-44.37769383550296
37,14,campus,pooled_q,55,0.20334926626632008,-27.996716344250803
37,14,commuter,federated_q,52,0.20334926626632008,-72.25746440407868
37,14,commuter,local_q,52,0.20334926626632008,-69.92385055685396
37,14,commuter,pooled_q,52,0.20334926626632008,-98.39883409739635
37,14,commuter,federated_q,53,0.20334926626632008,-89.33057696307182
37,14,commuter,local_q,53,0.20334926626632008,-91.3053075884732
37,14,commuter,pooled_q,53,0.20334926626632008,-89.48153180698822
37,14,commuter,federated_q,54,0.20334926626632008,-83.47352690202102
37,14,commuter,local_q,54,0.20334926626632008,-77.87102690202101
37,14,commuter,pooled_q,54,0.20334926626632008,-77.87102690202103
37,14,commuter,federated_q,55,0.20334926626632008,-85.88206964438781
37,14,commuter,local_q,55,0.20334926626632008,-75.69854108901124
37,14,commuter,pooled_q,55,0.20334926626632008,-75.70878593398228
37,14,mixed_use,federated_q,52,0.20334926626632008,-107.98855540556015
37,14,mixed_use,local_q,52,0.20334926626632008,-110.30077202264886
37,14,mixed_use,pooled_q,52,0.20334926626632008,-107.71251279451766
37,14,mixed_use,federated_q,53,0.20334926626632008,-95.64760954067084
37,14,mixed_use,local_q,53,0.20334926626632008,-90.48999599531642
37,14,mixed_use,pooled_q,53,0.20334926626632008,-97.80241664235292
37,14,mixed_use,federated_q,54,0.20334926626632008,-90.37083393849038
37,14,mixed_use,local_q,54,0.20334926626632008,-79.02704326741194
37,14,mixed_use,pooled_q,54,0.20334926626632008,-97.02885841839722
37,14,mixed_use,federated_q,55,0.20334926626632008,-90.23241143558893
37,14,mixed_use,local_q,55,0.20334926626632008,-79.97597280857352
37,14,mixed_use,pooled_q,55,0.20334926626632008,-87.73849116806765
37,15,campus,federated_q,56,0.18301433963968808,10.284747459259549
37,15,campus,local_q,56,0.18301433963968808,-6.766168356485281
37,15,campus,pooled_q,56,0.18301433963968808,-3.9590812097824255
37,15,campus,federated_q,57,0.18301433963968808,-26.192036456349705
37,15,campus,local_q,57,0.18301433963968808,-36.37654472525971
37,15,campus,pooled_q,57,0.18301433963968808,-40.51439242788916
37,15,campus,federated_q,58,0.18301433963968808,-8.097973335535912
37,15,campus,local_q,58,0.18301433963968808,-24.24348988742536
37,15,campus,pooled_q,58,0.18301433963968808,-18.68707840322073
37,15,campus,federated_q,59,0.18301433963968808,-19.452730379088532
37,15,campus,local_q,59,0.18301433963968808,-32.02960972805838
37,15,campus,pooled_q,59,0.18301433963968808,-30.855703127964674
37,15,commuter,federated_q,56,0.18301433963968808,-93.49724304513882
37,15,commuter,local_q,56,0.18301433963968808,-94.29760323457417
37,15,commuter,pooled_q,56,0.18301433963968808,-94.97474304513882
37,15,commuter,federated_q,57,0.18301433963968808,-79.18531732005043
37,15,commuter,local_q,57,0.18301433963968808,-77.17870010901366
37,15,commuter,pooled_q,57,0.18301433963968808,-99.26058228577058
37,15,commuter,federated_q,58,0.18301433963968808,-75.09365984911614
37,15,commuter,local_q,58,0.18301433963968808,-80.40744853987438
37,15,commuter,pooled_q,58,0.18301433963968808,-72.80440370683425
37,15,commuter,federated_q,59,0.18301433963968808,-85.20439273307844
37,15,commuter,local_q,59,0.18301433963968808,-106.8571786372112
37,15,commuter,pooled_q,59,0.18301433963968808,-79.6805596348737
37,15,mixed_use,federated_q,56,0.18301433963968808,-106.25799945962403
37,15,mixed_use,local_q,56,0.18301433963968808,-105.78638225290187
37,15,mixed_use,pooled_q,56,0.18301433963968808,-118.70463859143945
37,15,mixed_use,federated_q,57,0.18301433963968808,-99.39938411688968
37,15,mixed_use,local_q,57,0.18301433963968808,-117.09886870633389
37,15,mixed_use,pooled_q,57,0.18301433963968808,-100.42178769990934
37,15,mixed_use,federated_q,58,0.18301433963968808,-116.92839865112514
37,15,mixed_use,local_q,58,0.18301433963968808,-107.26490071765501
37,15,mixed_use,pooled_q,58,0.18301433963968808,-116.27672390467961
37,15,mixed_use,federated_q,59,0.18301433963968808,-100.36061196772016
37,15,mixed_use,local_q,59,0.18301433963968808,-88.33267386192658
37,15,mixed_use,pooled_q,59,0.18301433963968808,-100.88421229410653
37,16,campus,federated_q,60,0.16471290567571928,-13.320502196225899
37,16,campus,local_q,60,0.16471290567571928,-16.98606329255448
37,16,campus,pooled_q,60,0.16471290567571928,-21.063551449348815
37,16,campus,federated_q,61,0.16471290567571928,-10.564549594736436
37,16,campus,local_q,61,0.16471290567571928,-12.229335991133842
37,16,campus,pooled_q,61,0.16471290567571928,-43.36399425631377
37,16,campus,federated_q,62,0.16471290567571928,-18.386354736654912
37,16,campus,local_q,62,0.16471290567571928,-20.13783229507163
37,16,campus,pooled_q,62,0.16471290567571928,-59.33728793197622
37,16,campus,federated_q,63,0.16471290567571928,-0.3696914671923435
37,16,campus,local_q,63,0.16471290567571928,-3.583791229119045
37,16,campus,pooled_q,63,0.16471290567571928,-31.78449045953122
37,16,commuter,federated_q,60,0.16471290567571928,-102.39460134880429
37,16,commuter,local_q,60,0.16471290567571928,-95.90059614598324
37,16,commuter,pooled_q,60,0.16471290567571928,-114.32291247842228
37,16,commuter,federated_q,61,0.16471290567571928,-104.33829446227725
37,16,commuter,local_q,61,0.16471290567571928,-93.32829446227724
37,16,commuter,pooled_q,61,0.16471290567571928,-100.76835230019626
37,16,commuter,federated_q,62,0.16471290567571928,-93.08951027352063
37,16,commuter,local_q,62,0.16471290567571928,-127.96599836386042
37,16,commuter,pooled_q,62,0.16471290567571928,-121.01951027352062
37,16,commuter,federated_q,63,0.16471290567571928,-97.97398388012661
37,16,commuter,local_q,63,0.16471290567571928,-111.61404873511185
37,16,commuter,pooled_q,63,0.16471290567571928,-85.75729533599447
37,16,mixed_use,federated_q,60,0.16471290567571928,-74.2089733297175
37,16,mixed_use,local_q,60,0.16471290567571928,-87.2170304722205
37,16,mixed_use,pooled_q,60,0.16471290567571928,-100.27759421040189
37,16,mixed_use,federated_q,61,0.16471290567571928,-86.15532053381503
37,16,mixed_use,local_q,61,0.16471290567571928,-85.85461533308879
37,16,mixed_use,pooled_q,61,0.16471290567571928,-87.47100201323711
37,16,mixed_use,federated_q,62,0.16471290567571928,-73.43932619882399
37,16,mixed_use,local_q,62,0.16471290567571928,-75.7269953664446
37,16,mixed_use,pooled_q,62,0.16471290567571928,-73.29367907250015
37,16,mixed_use,federated_q,63,0.16471290567571928,-86.26617253750945
37,16,mixed_use,local_q,63,0.16471290567571928,-97.7486413189664
37,16,mixed_use,pooled_q,63,0.16471290567571928,-107.01630604758334
37,17,campus,federated_q,64,0.14824161510814735,-9.983352191391013
37,17,campus,local_q,64,0.14824161510814735,-15.275546946385326
37,17,campus,pooled_q,64,0.14824161510814735,-42.821262226081494
37,17,campus,federated_q,65,0.14824161510814735,-10.988850954892863
37,17,campus,local_q,65,0.14824161510814735,-7.904270218742856
37,17,campus,pooled_q,65,0.14824161510814735,-12.696982010920863
37,17,campus,federated_q,66,0.14824161510814735,0.5573323886488122
37,17,campus,local_q,66,0.14824161510814735,-10.005775392831456
37,17,campus,pooled_q,66,0.14824161510814735,-18.508328611522522
37,17,campus,federated_q,67,0.14824161510814735,-21.85001621834928
37,17,campus,local_q,67,0.14824161510814735,-33.86145145283298
37,17,campus,pooled_q,67,0.14824161510814735,-11.017964920166415
37,17,commuter,federated_q,64,0.14824161510814735,-121.06102707815116
37,17,commuter,local_q,64,0.14824161510814735,-87.49852707815116
37,17,commuter,pooled_q,64,0.14824161510814735,-83.84870137352632
37,17,commuter,federated_q,65,0.14824161510814735,-99.0190759886274
37,17,commuter,local_q,65,0.14824161510814735,-91.01965472207539
37,17,commuter,pooled_q,65,0.14824161510814735,-101.59407564656614
37,17,commuter,federated_q,66,0.14824161510814735,-79.89671721484083
37,17,commuter,local_q,66,0.14824161510814735,-86.44264656977309
37,17,commuter,pooled_q,66,0.14824161510814735,-80.02583768759877
37,17,commuter,federated_q,67,0.14824161510814735,-96.29811195784573
37,17,commuter,local_q,67,0.14824161510814735,-98.23907839529832
37,17,commuter,pooled_q,67,0.14824161510814735,-96.22550500704742
37,17,mixed_use,federated_q,64,0.14824161510814735,-82.7367187292855
37,17,mixed_use,local_q,64,0.14824161510814735,-92.98583187804225
37,17,mixed_use,pooled_q,64,0.14824161510814735,-82.41986185251041
37,17,mixed_use,federated_q,65,0.14824161510814735,-113.22952988163806
37,17,mixed_use,local_q,65,0.14824161510814735,-104.48679155820291
37,17,mixed_use,pooled_q,65,0.14824161510814735,-98.97147895901273
37,17,mixed_use,federated_q,66,0.14824161510814735,-90.95863130332792
37,17,mixed_use,local_q,66,0.14824161510814735,-76.198049454059
37,17,mixed_use,pooled_q,66,0.14824161510814735,-82.7452759564022
37,17,mixed_use,federated_q,67,0.14824161510814735,-99.45443731233563
37,17,mixed_use,local_q,67,0.14824161510814735,-78.57436989290294
37,17,mixed_use,pooled_q,67,0.14824161510814735,-101.17500456551664
37,18,campus,federated_q,68,0.13341745359733262,-4.1386784206143545
37,18,campus,local_q,68,0.13341745359733262,-31.376518761008345
37,18,campus,pooled_q,68,0.13341745359733262,-4.084503503556743
37,18,campus,federated_q,69,0.13341745359733262,-24.127928865324453
37,18,campus,local_q,69,0.13341745359733262,-28.443478448940827
37,18,campus,pooled_q,69,0.13341745359733262,-12.648455991182994
37,18,campus,federated_q,70,0.13341745359733262,-21.121919026941047
37,18,campus,local_q,70,0.13341745359733262,-38.81702308595494
37,18,campus,pooled_q,70,0.13341745359733262,-19.272585268069932
37,18,campus,federated_q,71,0.13341745359733262,-13.731859680965853
37,18,campus,local_q,71,0.13341745359733262,-12.651448068220718
37,18,campus,pooled_q,71,0.13341745359733262,-12.566592056912837
37,18,commuter,federated_q,68,0.13341745359733262,-75.75937789663129
37,18,commuter,local_q,68,0.13341745359733262,-66.77834612584776
37,18,commuter,pooled_q,68,0.13341745359733262,-68.55579552182739
37,18,commuter,federated_q,69,0.13341745359733262,-84.81352013987308
37,18,commuter,local_q,69,0.13341745359733262,-93.55646658741698
37,18,commuter,pooled_q,69,0.13341745359733262,-92.84343696367367
37,18,commuter,federated_q,70,0.13341745359733262,-103.74435108624212
37,18,commuter,local_q,70,0.13341745359733262,-105.69429848314337
37,18,commuter,pooled_q,70,0.13341745359733262,-94.87929426542226
37,18,commuter,federated_q,71,0.13341745359733262,-62.95678121334416
37,18,commuter,local_q,71,0.13341745359733262,-65.02808967348037
37,18,commuter,pooled_q,71,0.13341745359733262,-61.1506253604589
37,18,mixed_use,federated_q,68,0.13341745359733262,-62.21327469672596
37,18,mixed_use,local_q,68,0.13341745359733262,-64.8286450146407
37,18,mixed_use,pooled_q,68,0.13341745359733262,-57.77324396371426
37,18,mixed_use,federated_q,69,0.13341745359733262,-100.0744307842597
37,18,mixed_use,local_q,69,0.13341745359733262,-109.94616113007515
37,18,mixed_use,pooled_q,69,0.13341745359733262,-105.48284169856451
37,18,mixed_use,federated_q,70,0.13341745359733262,-92.3763389748513
37,18,mixed_use,local_q,70,0.13341745359733262,-102.009748414791
37,18,mixed_use,pooled_q,70,0.13341745359733262,-107.33639924820915
37,18,mixed_use,federated_q,71,0.13341745359733262,-107.4161333467589
37,18,mixed_use,local_q,71,0.13341745359733262,-111.18709144185883
37,18,mixed_use,pooled_q,71,0.13341745359733262,-102.05850316386314
37,19,campus,federated_q,72,0.12007570823759935,-16.997863034625386
37,19,campus,local_q,72,0.12007570823759935,-14.646214746343858
37,19,campus,pooled_q,72,0.12007570823759935,-11.820405473461626
37,19,campus,federated_q,73,0.12007570823759935,-22.049085997351195
37,19,campus,local_q,73,0.12007570823759935,-1.1129407000097755
37,19,campus,pooled_q,73,0.12007570823759935,-8.994550726834472
37,19,campus,federated_q,74,0.12007570823759935,-12.06489950454086
37,19,campus,local_q,74,0.12007570823759935,-15.223733687105055
37,19,campus,pooled_q,74,0.12007570823759935,-11.722764338152649
37,19,campus,federated_q,75,0.12007570823759935,-19.15823106192463
37,19,campus,local_q,75,0.12007570823759935,-15.567216597456184
37,19,campus,pooled_q,75,0.12007570823759935,-10.929489552075005
37,19,commuter,federated_q,72,0.12007570823759935,-121.49469015173881
37,19,commuter,local_q,72,0.12007570823759935,-107.60462714288965
37,19,commuter,pooled_q,72,0.12007570823759935,-122.54494407003095
37,19,commuter,federated_q,73,0.12007570823759935,-114.08900693600191
37,19,commuter,local_q,73,0.12007570823759935,-104.5057924920866
37,19,commuter,pooled_q,73,0.12007570823759935,-138.25536860009908
37,19,commuter,federated_q,74,0.12007570823759935,-116.57586567726884
37,19,commuter,local_q,74,0.12007570823759935,-113.42698965450683
37,19,commuter,pooled_q,74,0.12007570823759935,-109.44791841433118
37,19,commuter,federated_q,75,0.12007570823759935,-106.07293525835527
37,19,commuter,local_q,75,0.12007570823759935,-105.14691453978315
37,19,commuter,pooled_q,75,0.12007570823759935,-99.44096216321523
37,19,mixed_use,federated_q,72,0.12007570823759935,-82.46100302233218
37,19,mixed_use,local_q,72,0.12007570823759935,-80.66964153760422
37,19,mixed_use,pooled_q,72,0.12007570823759935,-82.32351492636481
37,19,mixed_use,federated_q,73,0.12007570823759935,-113.46642029232841
37,19,mixed_use,local_q,73,0.12007570823759935,-107.66786932414247
37,19,mixed_use,pooled_q,73,0.12007570823759935,-90.38569934512155
37,19,mixed_use,federated_q,74,0.12007570823759935,-98.3728986414178
37,19,mixed_use,local_q,74,0.12007570823759935,-115.05341749746188
37,19,mixed_use,pooled_q,74,0.12007570823759935,-112.92118067618797
37,19,mixed_use,federated_q,75,0.12007570823759935,-92.74370350987496
37,19,mixed_use,local_q,75,0.12007570823759935,-94.84310524569756
37,19,mixed_use,pooled_q,75,0.12007570823759935,-96.02093908170161
37,20,campus,federated_q,76,0.10806813741383943,-20.576654890313108
37,20,campus,local_q,76,0.10806813741383943,-23.25846505650729
37,20,campus,pooled_q,76,0.10806813741383943,-26.579961769695892
37,20,campus,federated_q,77,0.10806813741383943,-10.38067268921339
37,20,campus,local_q,77,0.10806813741383943,-2.727412537234289
37,20,campus,pooled_q,77,0.10806813741383943,-3.5407487764832712
37,20,campus,federated_q,78,0.10806813741383943,-35.93292621273332
37,20,campus,local_q,78,0.10806813741383943,-38.7198499834197
37,20,campus,pooled_q,78,0.10806813741383943,-36.79149142878899
37,20,campus,federated_q,79,0.10806813741383943,-35.99497922778622
37,20,campus,local_q,79,0.10806813741383943,-10.931412224099237
37,20,campus,pooled_q,79,0.10806813741383943,-27.40430110615836
37,20,commuter,federated_q,76,0.10806813741383943,-101.67396452955724
37,20,commuter,local_q,76,0.10806813741383943,-100.4396768643365
37,20,commuter,pooled_q,76,0.10806813741383943,-113.46350593824639
37,20,commuter,federated_q,77,0.10806813741383943,-72.61266625301981
37,20,commuter,local_q,77,0.10806813741383943,-81.49609073386198
37,20,commuter,pooled_q,77,0.10806813741383943,-100.71869357871806
37,20,commuter,federated_q,78,0.10806813741383943,-91.14927168975903
37,20,commuter,local_q,78,0.10806813741383943,-106.56580581355192
37,20,commuter,pooled_q,78,0.10806813741383943,-108.24927168975903
37,20,commuter,federated_q,79,0.10806813741383943,-116.73450187835512
37,20,commuter,local_q,79,0.10806813741383943,-87.9790870075056
37,20,commuter,pooled_q,79,0.10806813741383943,-101.9610405174968
37,20,mixed_use,federated_q,76,0.10806813741383943,-101.69990082861902
37,20,mixed_use,local_q,76,0.10806813741383943,-113.05172035940714
37,20,mixed_use,pooled_q,76,0.10806813741383943,-109.87520748901237
37,20,mixed_use,federated_q,77,0.10806813741383943,-126.7022312334691
37,20,mixed_use,local_q,77,0.10806813741383943,-93.12331785046172
37,20,mixed_use,pooled_q,77,0.10806813741383943,-107.18480023302034
37,20,mixed_use,federated_q,78,0.10806813741383943,-78.79954166170629
37,20,mixed_use,local_q,78,0.10806813741383943,-81.42038819061959
37,20,mixed_use,pooled_q,78,0.10806813741383943,-75.60489663962984
37,20,mixed_use,federated_q,79,0.10806813741383943,-109.68140049353269
37,20,mixed_use,local_q,79,0.10806813741383943,-94.16105661591163
37,20,mixed_use,pooled_q,79,0.10806813741383943,-85.79411815983013
51,1,campus,federated_q,0,0.8,-39.023395718988766
51,1,campus,local_q,0,0.8,-39.023395718988766
51,1,campus,pooled_q,0,0.8,-39.023395718988766
51,1,campus,federated_q,1,0.8,-34.444709434202736
51,1,campus,local_q,1,0.8,-34.444709434202736
51,1,campus,pooled_q,1,0.8,-34.444709434202736
51,1,campus,federated_q,2,0.8,-53.00850291771689
51,1,campus,local_q,2,0.8,-53.00850291771689
51,1,campus,pooled_q,2,0.8,-53.00850291771689
51,1,campus,federated_q,3,0.8,-35.68481696961867
51,1,campus,local_q,3,0.8,-35.68481696961867
51,1,campus,pooled_q,3,0.8,-35.68481696961867
51,1,commuter,federated_q,0,0.8,-79.48652175532064
51,1,commuter,local_q,0,0.8,-79.48652175532064
51,1,commuter,pooled_q,0,0.8,-79.48652175532064
51,1,commuter,federated_q,1,0.8,-98.19019918753764
51,1,commuter,local_q,1,0.8,-98.19019918753764
51,1,commuter,pooled_q,1,0.8,-98.19019918753764
51,1,commuter,federated_q,2,0.8,-108.64007000930201
51,1,commuter,local_q,2,0.8,-108.64007000930201
51,1,commuter,pooled_q,2,0.8,-108.64007000930201
51,1,commuter,federated_q,3,0.8,-106.18584652918038
51,1,commuter,local_q,3,0.8,-106.18584652918038
51,1,commuter,pooled_q,3,0.8,-106.18584652918038
51,1,mixed_use,federated_q,0,0.8,-103.29378807632469
51,1,mixed_use,local_q,0,0.8,-103.29378807632469
51,1,mixed_use,pooled_q,0,0.8,-100.44566418478203
51,1,mixed_use,federated_q,1,0.8,-106.47803289528368
51,1,mixed_use,local_q,1,0.8,-106.47803289528368
51,1,mixed_use,pooled_q,1,0.8,-106.54129236629701
51,1,mixed_use,federated_q,2,0.8,-124.47856368616544
51,1,mixed_use,local_q,2,0.8,-124.47856368616544
51,1,mixed_use,pooled_q,2,0.8,-124.81152614389175
51,1,mixed_use,federated_q,3,0.8,-88.08565777964418
51,1,mixed_use,local_q,3,0.8,-88.08565777964418
51,1,mixed_use,pooled_q,3,0.8,-81.6249693453762
51,2,campus,federated_q,4,0.7200000000000001,-34.17741589181777
51,2,campus,local_q,4,0.7200000000000001,-28.822010406155602
51,2,campus,pooled_q,4,0.7200000000000001,-29.315065873826555
51,2,campus,federated_q,5,0.7200000000000001,-34.44615685773997
51,2,campus,local_q,5,0.7200000000000001,-31.985569890732343
51,2,campus,pooled_q,5,0.7200000000000001,-33.40105836219326
51,2,campus,federated_q,6,0.7200000000000001,-42.85194867896631
51,2,campus,local_q,6,0.7200000000000001,-45.599396509871504
51,2,campus,pooled_q,6,0.7200000000000001,-45.23538353572779
51,2,campus,federated_q,7,0.7200000000000001,-33.49945792270241
51,2,campus,local_q,7,0.7200000000000001,-33.290321589642666
51,2,campus,pooled_q,7,0.7200000000000001,-37.7837521854885
51,2,commuter,federated_q,4,0.7200000000000001,-119.74121609495522
51,2,commuter,local_q,4,0.7200000000000001,-116.23213577701515
51,2,commuter,pooled_q,4,0.7200000000000001,-116.2762160949552
51,2,commuter,federated_q,5,0.7200000000000001,-122.5499518893595
51,2,commuter,local_q,5,0.7200000000000001,-121.88486081211192
51,2,commuter,pooled_q,5,0.7200000000000001,-118.41986081211189
51,2,commuter,federated_q,6,0.7200000000000001,-103.12558508191887
51,2,commuter,local_q,6,0.7200000000000001,-103.03045612329063
51,2,commuter,pooled_q,6,0.7200000000000001,-106.99423671012046
51,2,commuter,federated_q,7,0.7200000000000001,-102.19554150475008
51,2,commuter,local_q,7,0.7200000000000001,-98.73545893516857
51,2,commuter,pooled_q,7,0.7200000000000001,-98.73054150475008
51,2,mixed_use,federated_q,4,0.7200000000000001,-101.61401788229958
51,2,mixed_use,local_q,4,0.7200000000000001,-102.58465713066636
51,2,mixed_use,pooled_q,4,0.7200000000000001,-95.19200222341719
51,2,mixed_use,federated_q,5,0.7200000000000001,-110.24276876200751
51,2,mixed_use,local_q,5,0.7200000000000001,-105.15535317957048
51,2,mixed_use,pooled_q,5,0.7200000000000001,-104.93060613310404
51,2,mixed_use,federated_q,6,0.7200000000000001,-102.09952720876692
51,2,mixed_use,local_q,6,0.7200000000000001,-99.08347433004488
51,2,mixed_use,pooled_q,6,0.7200000000000001,-100.20042301598247
51,2,mixed_use,federated_q,7,0.7200000000000001,-93.07062904471246
51,2,mixed_use,local_q,7,0.7200000000000001,-93.4576307065322
51,2,mixed_use,pooled_q,7,0.7200000000000001,-88.6726182293945
51,3,campus,federated_q,8,0.6480000000000001,-31.111711327755643
51,3,campus,local_q,8,0.6480000000000001,-34.393382487252524
51,3,campus,pooled_q,8,0.6480000000000001,-30.461548830685945
51,3,campus,federated_q,9,0.6480000000000001,-14.775832307840211
51,3,campus,local_q,9,0.6480000000000001,-20.64635919695078
51,3,campus,pooled_q,9,0.6480000000000001,-11.56563380503506
51,3,campus,federated_q,10,0.6480000000000001,-33.8433266286338
51,3,campus,local_q,10,0.6480000000000001,-45.915770038150264
51,3,campus,pooled_q,10,0.6480000000000001,-40.8237560557397
51,3,campus,federated_q,11,0.6480000000000001,-33.988658282609705
51,3,campus,local_q,11,0.6480000000000001,-36.080008946399666
51,3,campus,pooled_q,11,0.6480000000000001,-44.66889163467349
51,3,commuter,federated_q,8,0.6480000000000001,-86.1080205870738
51,3,commuter,local_q,8,0.6480000000000001,-89.38817383932252
51,3,commuter,pooled_q,8,0.6480000000000001,-94.58567383932251
51,3,commuter,federated_q,9,0.6480000000000001,-109.63215789463653
51,3,commuter,local_q,9,0.6480000000000001,-97.78851214673799
51,3,commuter,pooled_q,9,0.6480000000000001,-107.29825962472934
51,3,commuter,federated_q,10,0.6480000000000001,-108.21009244550345
51,3,commuter,local_q,10,0.6480000000000001,-111.55521023796413
51,3,commuter,pooled_q,10,0.6480000000000001,-110.13016331884018
51,3,commuter,federated_q,11,0.6480000000000001,-98.76832517177934
51,3,commuter,local_q,11,0.6480000000000001,-96.08734629381314
51,3,commuter,pooled_q,11,0.6480000000000001,-97.435632616658
51,3,mixed_use,federated_q,8,0.6480000000000001,-86.96130856957424
51,3,mixed_use,local_q,8,0.6480000000000001,-86.48724931975725
51,3,mixed_use,pooled_q,8,0.6480000000000001,-87.44055856957426
51,3,mixed_use,federated_q,9,0.6480000000000001,-85.1065053133887
51,3,mixed_use,local_q,9,0.6480000000000001,-85.24940249740976
51,3,mixed_use,pooled_q,9,0.6480000000000001,-86.62872911095846
51,3,mixed_use,federated_q,10,0.6480000000000001,-106.7534344160333
51,3,mixed_use,local_q,10,0.6480000000000001,-113.18516096176991
51,3,mixed_use,pooled_q,10,0.6480000000000001,-105.79670483773263
51,3,mixed_use,federated_q,11,0.6480000000000001,-91.82831354689193
51,3,mixed_use,local_q,11,0.6480000000000001,-92.41212418374793
51,3,mixed_use,pooled_q,11,0.6480000000000001,-88.64762089136792
51,4,campus,federated_q,12,0.5832,-20.108000970251446
51,4,campus,local_q,12,0.5832,-19.654420881258705
51,4,campus,pooled_q,12,0.5832,-22.297583028667567
51,4,campus,federated_q,13,0.5832,-22.546131565421106
51,4,campus,local_q,13,0.5832,-25.765384302402843
51,4,campus,pooled_q,13,0.5832,-33.98070898962689
51,4,campus,federated_q,14,0.5832,-21.29329869054369
51,4,campus,local_q,14,0.5832,-18.518167455967678
51,4,campus,pooled_q,14,0.5832,-22.732131773956137
51,4,campus,federated_q,15,0.5832,-32.53687993201793
51,4,campus,local_q,15,0.5832,-29.23954754358791
51,4,campus,pooled_q,15,0.5832,-31.625102577086
51,4,commuter,federated_q,12,0.5832,-94.91092186400485
51,4,commuter,local_q,12,0.5832,-94.91092186400486
51,4,commuter,pooled_q,12,0.5832,-94.91092186400485
51,4,commuter,federated_q,13,0.5832,-111.72708519654626
51,4,commuter,local_q,13,0.5832,-108.66710788245831
51,4,commuter,pooled_q,13,0.5832,-112.13210788245831
51,4,commuter,federated_q,14,0.5832,-90.39890803902908
51,4,commuter,local_q,14,0.5832,-97.48639283206582
51,4,commuter,pooled_q,14,0.5832,-90.31484525618089
51,4,commuter,federated_q,15,0.5832,-99.56341451056616
51,4,commuter,local_q,15,0.5832,-99.45841451056616
51,4,commuter,pooled_q,15,0.5832,-90.79591451056615
51,4,mixed_use,federated_q,12,0.5832,-97.64586549477686
51,4,mixed_use,local_q,12,0.5832,-97.27595442915796
51,4,mixed_use,pooled_q,12,0.5832,-92.65910492402293
51,4,mixed_use,federated_q,13,0.5832,-104.84136893599431
51,4,mixed_use,local_q,13,0.5832,-102.99090064007561
51,4,mixed_use,pooled_q,13,0.5832,-97.70475532944465
51,4,mixed_use,federated_q,14,0.5832,-106.1980594976262
51,4,mixed_use,local_q,14,0.5832,-118.71207264524058
51,4,mixed_use,pooled_q,14,0.5832,-96.74717049783902
51,4,mixed_use,federated_q,15,0.5832,-78.18929925340427
51,4,mixed_use,local_q,15,0.5832,-69.00416132637008
51,4,mixed_use,pooled_q,15,0.5832,-67.4880492534043
51,5,campus,federated_q,16,0.52488,-27.760349739452113
51,5,campus,local_q,16,0.52488,-25.662430822625335
51,5,campus,pooled_q,16,0.52488,-30.072232741390547
51,5,campus,federated_q,17,0.52488,-31.27232664845375
51,5,campus,local_q,17,0.52488,-29.11949458572102
51,5,campus,pooled_q,17,0.52488,-26.245189585617226
51,5,campus,federated_q,18,0.52488,-26.970015229263556
51,5,campus,local_q,18,0.52488,-16.574534128340204
51,5,campus,pooled_q,18,0.52488,-15.306971388993368
51,5,campus,federated_q,19,0.52488,-38.68703221023453
51,5,campus,local_q,19,0.52488,-34.565342935895686
51,5,campus,pooled_q,19,0.52488,-38.31659308446875
51,5,commuter,federated_q,16,0.52488,-112.00407573804031
51,5,commuter,local_q,16,0.52488,-127.65382554883315
51,5,commuter,pooled_q,16,0.52488,-112.20211898091756
51,5,commuter,federated_q,17,0.52488,-105.15909158384869
51,5,commuter,local_q,17,0.52488,-101.5890915838487
51,5,commuter,pooled_q,17,0.52488,-98.01909158384869
51,5,commuter,federated_q,18,0.52488,-81.91769498370154
51,5,commuter,local_q,18,0.52488,-92.34435386250078
51,5,commuter,pooled_q,18,0.52488,-82.27310119076714
51,5,commuter,federated_q,19,0.52488,-85.39577681768992
51,5,commuter,local_q,19,0.52488,-88.74650235754413
51,5,commuter,pooled_q,19,0.52488,-76.12110928837343
51,5,mixed_use,federated_q,16,0.52488,-106.52925941335282
51,5,mixed_use,local_q,16,0.52488,-107.92889869508915
51,5,mixed_use,pooled_q,16,0.52488,-114.00046899542728
51,5,mixed_use,federated_q,17,0.52488,-103.92863105016669
51,5,mixed_use,local_q,17,0.52488,-95.186492419166
51,5,mixed_use,pooled_q,17,0.52488,-107.08032543175989
51,5,mixed_use,federated_q,18,0.52488,-100.88995192868957
51,5,mixed_use,local_q,18,0.52488,-99.9481838297163
51,5,mixed_use,pooled_q,18,0.52488,-103.47442323134855
51,5,mixed_use,federated_q,19,0.52488,-87.81327594519524
51,5,mixed_use,local_q,19,0.52488,-86.06709504114329
51,5,mixed_use,pooled_q,19,0.52488,-84.53401986259375
51,6,campus,federated_q,20,0.4723920000000001,-24.157723141905773
51,6,campus,local_q,20,0.4723920000000001,-17.355613871633455
51,6,campus,pooled_q,20,0.4723920000000001,-21.299877521912236
51,6,campus,federated_q,21,0.4723920000000001,-15.382265651264397
51,6,campus,local_q,21,0.4723920000000001,-8.39512695504975
51,6,campus,pooled_q,21,0.4723920000000001,-12.162575020313342
51,6,campus,federated_q,22,0.4723920000000001,-18.156412083763843
51,6,campus,local_q,22,0.4723920000000001,-15.108110261356659
51,6,campus,pooled_q,22,0.4723920000000001,-19.218787929869013
51,6,campus,federated_q,23,0.4723920000000001,-28.71331706179954
51,6,campus,local_q,23,0.4723920000000001,-29.4772129782838
51,6,campus,pooled_q,23,0.4723920000000001,-27.133739739301152
51,6,commuter,federated_q,20,0.4723920000000001,-89.9805834271481
51,6,commuter,local_q,20,0.4723920000000001,-102.52808342714809
51,6,commuter,pooled_q,20,0.4723920000000001,-93.4455834271481
51,6,commuter,federated_q,21,0.4723920000000001,-94.50121027396045
51,6,commuter,local_q,21,0.4723920000000001,-103.08871027396046
51,6,commuter,pooled_q,21,0.4723920000000001,-92.58871027396047
51,6,commuter,federated_q,22,0.4723920000000001,-82.6011875847035
51,6,commuter,local_q,22,0.4723920000000001,-96.46118758470351
51,6,commuter,pooled_q,22,0.4723920000000001,-84.22868758470351
51,6,commuter,federated_q,23,0.4723920000000001,-87.01326504650517
51,6,commuter,local_q,23,0.4723920000000001,-90.33861524002363
51,6,commuter,pooled_q,23,0.4723920000000001,-94.22361524002365
51,6,mixed_use,federated_q,20,0.4723920000000001,-108.74247808094313
51,6,mixed_use,local_q,20,0.4723920000000001,-106.29951426883322
51,6,mixed_use,pooled_q,20,0.4723920000000001,-111.06559872528666
51,6,mixed_use,federated_q,21,0.4723920000000001,-102.5686833415247
51,6,mixed_use,local_q,21,0.4723920000000001,-105.81597581726562
51,6,mixed_use,pooled_q,21,0.4723920000000001,-96.85529811104793
51,6,mixed_use,federated_q,22,0.4723920000000001,-111.58457361678325
51,6,mixed_use,local_q,22,0.4723920000000001,-104.43322241248696
51,6,mixed_use,pooled_q,22,0.4723920000000001,-96.58160467089834
51,6,mixed_use,federated_q,23,0.4723920000000001,-101.58189574293714
51,6,mixed_use,local_q,23,0.4723920000000001,-114.19928996103728
51,6,mixed_use,pooled_q,23,0.4723920000000001,-94.40869195600149
51,7,campus,federated_q,24,0.42515280000000005,-18.740433315451764
51,7,campus,local_q,24,0.42515280000000005,-31.512265632495062
51,7,campus,pooled_q,24,0.42515280000000005,-36.15949821113096
51,7,campus,federated_q,25,0.42515280000000005,-13.15749746842674
51,7,campus,local_q,25,0.42515280000000005,-13.15749746842674
51,7,campus,pooled_q,25,0.42515280000000005,-29.844136958870287
51,7,campus,federated_q,26,0.42515280000000005,-8.582919402333806
51,7,campus,local_q,26,0.42515280000000005,-18.773477916276757
51,7,campus,pooled_q,26,0.42515280000000005,-28.760867133908885
51,7,campus,federated_q,27,0.42515280000000005,-18.562241781007657
51,7,campus,local_q,27,0.42515280000000005,-13.269581975006835
51,7,campus,pooled_q,27,0.42515280000000005,-18.059926780987976
51,7,commuter,federated_q,24,0.42515280000000005,-72.12460808389761
51,7,commuter,local_q,24,0.42515280000000005,-70.48508990252355
51,7,commuter,pooled_q,24,0.42515280000000005,-93.94694879023626
51,7,commuter,federated_q,25,0.42515280000000005,-102.70873279034939
51,7,commuter,local_q,25,0.42515280000000005,-93.96742610661214
51,7,commuter,pooled_q,25,0.42515280000000005,-98.96877631333174
51,7,commuter,federated_q,26,0.42515280000000005,-88.4271347329606
51,7,commuter,local_q,26,0.42515280000000005,-96.98463473296059
51,7,commuter,pooled_q,26,0.42515280000000005,-104.3870348138804
51,7,commuter,federated_q,27,0.42515280000000005,-101.36216392931807
51,7,commuter,local_q,27,0.42515280000000005,-100.9085677508782
51,7,commuter,pooled_q,27,0.42515280000000005,-122.29856775087823
51,7,mixed_use,federated_q,24,0.42515280000000005,-106.1799608057718
51,7,mixed_use,local_q,24,0.42515280000000005,-134.04445631779518
51,7,mixed_use,pooled_q,24,0.42515280000000005,-117.50840613757143
51,7,mixed_use,federated_q,25,0.42515280000000005,-72.07722233369925
51,7,mixed_use,local_q,25,0.42515280000000005,-74.26613264702462
51,7,mixed_use,pooled_q,25,0.42515280000000005,-64.31192820504349
51,7,mixed_use,federated_q,26,0.42515280000000005,-89.82094903520745
51,7,mixed_use,local_q,26,0.42515280000000005,-80.83233248790172
51,7,mixed_use,pooled_q,26,0.42515280000000005,-88.50162888156376
51,7,mixed_use,federated_q,27,0.42515280000000005,-81.18910392211582
51,7,mixed_use,local_q,27,0.42515280000000005,-78.10587440422931
51,7,mixed_use,pooled_q,27,0.42515280000000005,-74.53223189605157
51,8,campus,federated_q,28,0.38263752000000006,-31.846174616489783
51,8,campus,local_q,28,0.38263752000000006,-15.818513479053685
51,8,campus,pooled_q,28,0.38263752000000006,-39.46813898154098
51,8,campus,federated_q,29,0.38263752000000006,-35.26404440353443
51,8,campus,local_q,29,0.38263752000000006,-48.88316952740033
51,8,campus,pooled_q,29,0.38263752000000006,-26.618414811197226
51,8,campus,federated_q,30,0.38263752000000006,-31.599285162711784
51,8,campus,local_q,30,0.38263752000000006,-37.9273540606483
51,8,campus,pooled_q,30,0.38263752000000006,-42.960117039113584
51,8,campus,federated_q,31,0.38263752000000006,-17.60266283143071
51,8,campus,local_q,31,0.38263752000000006,-15.781574039053261
51,8,campus,pooled_q,31,0.38263752000000006,-19.383964002281147
51,8,commuter,federated_q,28,0.38263752000000006,-96.75164879306222
51,8,commuter,local_q,28,0.38263752000000006,-113.07021851647133
51,8,commuter,pooled_q,28,0.38263752000000006,-100.91323654565451
51,8,commuter,federated_q,29,0.38263752000000006,-88.28558828734836
51,8,commuter,local_q,29,0.38263752000000006,-83.9317553180783
51,8,commuter,pooled_q,29,0.38263752000000006,-89.13794152589195
51,8,commuter,federated_q,30,0.38263752000000006,-91.36049328380378
51,8,commuter,local_q,30,0.38263752000000006,-89.20799328380377
51,8,commuter,pooled_q,30,0.38263752000000006,-83.41101929498961
51,8,commuter,federated_q,31,0.38263752000000006,-101.40436661014631
51,8,commuter,local_q,31,0.38263752000000006,-99.49186661014632
51,8,commuter,pooled_q,31,0.38263752000000006,-106.84186661014633
51,8,mixed_use,federated_q,28,0.38263752000000006,-102.39585268154492
51,8,mixed_use,local_q,28,0.38263752000000006,-103.02356063671425
51,8,mixed_use,pooled_q,28,0.38263752000000006,-93.80320239874601
51,8,mixed_use,federated_q,29,0.38263752000000006,-83.53464011089966
51,8,mixed_use,local_q,29,0.38263752000000006,-85.98253398158295
51,8,mixed_use,pooled_q,29,0.38263752000000006,-83.89139803141619
51,8,mixed_use,federated_q,30,0.38263752000000006,-131.12541306022962
51,8,mixed_use,local_q,30,0.38263752000000006,-112.03281304374272
51,8,mixed_use,pooled_q,30,0.38263752000000006,-109.34047715251441
51,8,mixed_use,federated_q,31,0.38263752000000006,-89.68914206327939
51,8,mixed_use,local_q,31,0.38263752000000006,-91.6496654860373
51,8,mixed_use,pooled_q,31,0.38263752000000006,-86.72193910004538
51,9,campus,federated_q,32,0.3443737680000001,-9.838085194771393
51,9,campus,local_q,32,0.3443737680000001,-10.651077230016933
51,9,campus,pooled_q,32,0.3443737680000001,-7.807035823989165
51,9,campus,federated_q,33,0.3443737680000001,-11.088553012878933
51,9,campus,local_q,33,0.3443737680000001,-16.42051011779875
51,9,campus,pooled_q,33,0.3443737680000001,-7.244762946724787
51,9,campus,federated_q,34,0.3443737680000001,-42.41807014262334
51,9,campus,local_q,34,0.3443737680000001,-39.42856770901481
51,9,campus,pooled_q,34,0.3443737680000001,-43.96231624988558
51,9,campus,federated_q,35,0.3443737680000001,-10.70326418314822
51,9,campus,local_q,35,0.3443737680000001,-13.237478220666894
51,9,campus,pooled_q,35,0.3443737680000001,-11.401795038469695
51,9,commuter,federated_q,32,0.3443737680000001,-84.97375425638182
51,9,commuter,local_q,32,0.3443737680000001,-83.5972177415903
51,9,commuter,pooled_q,32,0.3443737680000001,-104.73043973210098
51,9,commuter,federated_q,33,0.3443737680000001,-80.86527899088192
51,9,commuter,local_q,33,0.3443737680000001,-86.2400078325693
51,9,commuter,pooled_q,33,0.3443737680000001,-103.27418522218755
51,9,commuter,federated_q,34,0.3443737680000001,-83.92133979597912
51,9,commuter,local_q,34,0.3443737680000001,-82.08310889186669
51,9,commuter,pooled_q,34,0.3443737680000001,-104.72633979597913
51,9,commuter,federated_q,35,0.3443737680000001,-103.70545617178755
51,9,commuter,local_q,35,0.3443737680000001,-113.85575178550377
51,9,commuter,pooled_q,35,0.3443737680000001,-115.79550191860287
51,9,mixed_use,federated_q,32,0.3443737680000001,-93.57275681802429
51,9,mixed_use,local_q,32,0.3443737680000001,-101.41444024045987
51,9,mixed_use,pooled_q,32,0.3443737680000001,-92.63348022418256
51,9,mixed_use,federated_q,33,0.3443737680000001,-90.8073943055081
51,9,mixed_use,local_q,33,0.3443737680000001,-89.90356344337529
51,9,mixed_use,pooled_q,33,0.3443737680000001,-91.71381052018582
51,9,mixed_use,federated_q,34,0.3443737680000001,-106.31775370141993
51,9,mixed_use,local_q,34,0.3443737680000001,-100.15734238424201
51,9,mixed_use,pooled_q,34,0.3443737680000001,-97.53130041534321
51,9,mixed_use,federated_q,35,0.3443737680000001,-90.20976838102384
51,9,mixed_use,local_q,35,0.3443737680000001,-72.76994247894284
51,9,mixed_use,pooled_q,35,0.3443737680000001,-80.94236689031257
51,10,campus,federated_q,36,0.3099363912000001,1.2515827714924226
51,10,campus,local_q,36,0.3099363912000001,-1.2311697960303287
51,10,campus,pooled_q,36,0.3099363912000001,0.9314013936874974
51,10,campus,federated_q,37,0.3099363912000001,-26.686213180428688
51,10,campus,local_q,37,0.3099363912000001,-31.580650538478537
51,10,campus,pooled_q,37,0.3099363912000001,-26.57754058504784
51,10,campus,federated_q,38,0.3099363912000001,-17.743513001189278
51,10,campus,local_q,38,0.3099363912000001,-17.230139907921927
51,10,campus,pooled_q,38,0.3099363912000001,-13.6744676911069
51,10,campus,federated_q,39,0.3099363912000001,-26.90836010422173
51,10,campus,local_q,39,0.3099363912000001,-20.01385516152736
51,10,campus,pooled_q,39,0.3099363912000001,-6.634284339446751
51,10,commuter,federated_q,36,0.3099363912000001,-99.37735967516694
51,10,commuter,local_q,36,0.3099363912000001,-94.47498765475635
51,10,commuter,pooled_q,36,0.3099363912000001,-107.13365263328288
51,10,commuter,federated_q,37,0.3099363912000001,-104.36197719418145
51,10,commuter,local_q,37,0.3099363912000001,-94.09325347981884
51,10,commuter,pooled_q,37,0.3099363912000001,-95.48947719418146
51,10,commuter,federated_q,38,0.3099363912000001,-100.23332508185783
51,10,commuter,local_q,38,0.3099363912000001,-100.96993977165076
51,10,commuter,pooled_q,38,0.3099363912000001,-95.39859797183003
51,10,commuter,federated_q,39,0.3099363912000001,-86.73664171180427
51,10,commuter,local_q,39,0.3099363912000001,-105.94414171180425
51,10,commuter,pooled_q,39,0.3099363912000001,-86.98731600736481
51,10,mixed_use,federated_q,36,0.3099363912000001,-88.84158049966176
51,10,mixed_use,local_q,36,0.3099363912000001,-84.79677881250473
51,10,mixed_use,pooled_q,36,0.3099363912000001,-76.13940399101665
51,10,mixed_use,federated_q,37,0.3099363912000001,-102.58007122961428
51,10,mixed_use,local_q,37,0.3099363912000001,-113.76811735910607
51,10,mixed_use,pooled_q,37,0.3099363912000001,-105.70260504690648
51,10,mixed_use,federated_q,38,0.3099363912000001,-94.84897021298264
51,10,mixed_use,local_q,38,0.3099363912000001,-96.94339468079802
51,10,mixed_use,pooled_q,38,0.3099363912000001,-96.2072565969455
51,10,mixed_use,federated_q,39,0.3099363912000001,-111.00115927067844
51,10,mixed_use,local_q,39,0.3099363912000001,-112.02010730778501
51,10,mixed_use,pooled_q,39,0.3099363912000001,-98.20533664637259
51,11,campus,federated_q,40,0.2789427520800001,-20.92122805222571
51,11,campus,local_q,40,0.2789427520800001,-30.83347787736503
51,11,campus,pooled_q,40,0.2789427520800001,-18.02726046348405
51,11,campus,federated_q,41,0.2789427520800001,-26.98356843672368
51,11,campus,local_q,41,0.2789427520800001,-14.672420760415617
51,11,campus,pooled_q,41,0.2789427520800001,-13.546237872011751
51,11,campus,federated_q,42,0.2789427520800001,-41.0283436994663
51,11,campus,local_q,42,0.2789427520800001,-18.980875539918422
51,11,campus,pooled_q,42,0.2789427520800001,-24.3576259191941
51,11,campus,federated_q,43,0.2789427520800001,-22.2363206114896
51,11,campus,local_q,43,0.2789427520800001,-23.119445213353444
51,11,campus,pooled_q,43,0.2789427520800001,-38.44570760709402
51,11,commuter,federated_q,40,0.2789427520800001,-86.67921764465667
51,11,commuter,local_q,40,0.2789427520800001,-90.07366078659591
51,11,commuter,pooled_q,40,0.2789427520800001,-80.26203032439446
51,11,commuter,federated_q,41,0.2789427520800001,-102.86574571776691
51,11,commuter,local_q,41,0.2789427520800001,-114.98230438812743
51,11,commuter,pooled_q,41,0.2789427520800001,-103.03077018977325
51,11,commuter,federated_q,42,0.2789427520800001,-104.10195301096326
51,11,commuter,local_q,42,0.2789427520800001,-87.2244703764094
51,11,commuter,pooled_q,42,0.2789427520800001,-98.37945301096325
51,11,commuter,federated_q,43,0.2789427520800001,-80.48483277111077
51,11,commuter,local_q,43,0.2789427520800001,-84.43908342528374
51,11,commuter,pooled_q,43,0.2789427520800001,-86.05475439845816
51,11,mixed_use,federated_q,40,0.2789427520800001,-97.07728625499735
51,11,mixed_use,local_q,40,0.2789427520800001,-98.50558239006267
51,11,mixed_use,pooled_q,40,0.2789427520800001,-109.1923046620176
51,11,mixed_use,federated_q,41,0.2789427520800001,-99.92016854209423
51,11,mixed_use,local_q,41,0.2789427520800001,-93.4295294044583
51,11,mixed_use,pooled_q,41,0.2789427520800001,-113.57160251604932
51,11,mixed_use,federated_q,42,0.2789427520800001,-75.11708812420054
51,11,mixed_use,local_q,42,0.2789427520800001,-59.31906040598452
51,11,mixed_use,pooled_q,42,0.2789427520800001,-100.04952283973073
51,11,mixed_use,federated_q,43,0.2789427520800001,-104.54888286870496
51,11,mixed_use,local_q,43,0.2789427520800001,-99.95360025224645
51,11,mixed_use,pooled_q,43,0.2789427520800001,-106.74998818137156
51,12,campus,federated_q,44,0.25104847687200005,-21.113719880374305
51,12,campus,local_q,44,0.25104847687200005,-25.62373705657708
51,12,campus,pooled_q,44,0.25104847687200005,-27.841098201338323
51,12,campus,federated_q,45,0.25104847687200005,-24.79549984539879
51,12,campus,local_q,45,0.25104847687200005,-38.41155433164124
51,12,campus,pooled_q,45,0.25104847687200005,-49.364724894675625
51,12,campus,federated_q,46,0.25104847687200005,0.5384726884760843
51,12,campus,local_q,46,0.25104847687200005,1.2896079472840278
51,12,campus,pooled_q,46,0.25104847687200005,-8.266691967768029
51,12,campus,federated_q,47,0.25104847687200005,-4.404429036222715
51,12,campus,local_q,47,0.25104847687200005,-1.348633285449703
51,12,campus,pooled_q,47,0.25104847687200005,-14.051663075417382
51,12,commuter,federated_q,44,0.25104847687200005,-108.43664452665875
51,12,commuter,local_q,44,0.25104847687200005,-118.93664452665875
51,12,commuter,pooled_q,44,0.25104847687200005,-122.04164452665877
51,12,commuter,federated_q,45,0.25104847687200005,-125.09055900312863
51,12,commuter,local_q,45,0.25104847687200005,-111.23055900312866
51,12,commuter,pooled_q,45,0.25104847687200005,-113.22165052894819
51,12,commuter,federated_q,46,0.25104847687200005,-98.77705866710535
51,12,commuter,local_q,46,0.25104847687200005,-103.65100417889988
51,12,commuter,pooled_q,46,0.25104847687200005,-93.06100417889988
51,12,commuter,federated_q,47,0.25104847687200005,-88.12835630474585
51,12,commuter,local_q,47,0.25104847687200005,-81.67624285376677
51,12,commuter,pooled_q,47,0.25104847687200005,-81.89648062857118
51,12,mixed_use,federated_q,44,0.25104847687200005,-98.78730532127905
51,12,mixed_use,local_q,44,0.25104847687200005,-100.19667543483848
51,12,mixed_use,pooled_q,44,0.25104847687200005,-84.31322963329913
51,12,mixed_use,federated_q,45,0.25104847687200005,-64.07193577307577
51,12,mixed_use,local_q,45,0.25104847687200005,-86.02086977259246
51,12,mixed_use,pooled_q,45,0.25104847687200005,-81.24290282778347
51,12,mixed_use,federated_q,46,0.25104847687200005,-101.21929021141592
51,12,mixed_use,local_q,46,0.25104847687200005,-113.43462154759321
51,12,mixed_use,pooled_q,46,0.25104847687200005,-111.1056918531237
51,12,mixed_use,federated_q,47,0.25104847687200005,-95.88618198306783
51,12,mixed_use,local_q,47,0.25104847687200005,-87.93111019657398
51,12,mixed_use,pooled_q,47,0.25104847687200005,-99.2457467597903
51,13,campus,federated_q,48,0.2259436291848001,-22.24404828452987
51,13,campus,local_q,48,0.2259436291848001,-19.598432256481626
51,13,campus,pooled_q,48,0.2259436291848001,-32.736468256387944
51,13,campus,federated_q,49,0.2259436291848001,-32.93084976010539
51,13,campus,local_q,49,0.2259436291848001,-17.336178913020508
51,13,campus,pooled_q,49,0.2259436291848001,-25.06120709369751
51,13,campus,federated_q,50,0.2259436291848001,-13.663808531084516
51,13,campus,local_q,50,0.2259436291848001,-26.52162382926296
51,13,campus,pooled_q,50,0.2259436291848001,-45.42840792209527
51,13,campus,federated_q,51,0.2259436291848001,-9.100271899054441
51,13,campus,local_q,51,0.2259436291848001,-20.7018752187901
51,13,campus,pooled_q,51,0.2259436291848001,-29.547687833943208
51,13,commuter,federated_q,48,0.2259436291848001,-103.37572130965192
51,13,commuter,local_q,48,0.2259436291848001,-102.95982602625807
51,13,commuter,pooled_q,48,0.2259436291848001,-104.30496894105687
51,13,commuter,federated_q,49,0.2259436291848001,-111.34611023432322
51,13,commuter,local_q,49,0.2259436291848001,-95.03361023432322
51,13,commuter,pooled_q,49,0.2259436291848001,-116.02114083057197
51,13,commuter,federated_q,50,0.2259436291848001,-102.05995877458994
51,13,commuter,local_q,50,0.2259436291848001,-103.08932711581276
51,13,commuter,pooled_q,50,0.2259436291848001,-99.73206644941992
51,13,commuter,federated_q,51,0.2259436291848001,-81.56516310225943
51,13,commuter,local_q,51,0.2259436291848001,-95.06514745336383
51,13,commuter,pooled_q,51,0.2259436291848001,-86.28475572430433
51,13,mixed_use,federated_q,48,0.2259436291848001,-93.15697680758264
51,13,mixed_use,local_q,48,0.2259436291848001,-89.29450951512578
51,13,mixed_use,pooled_q,48,0.2259436291848001,-97.49475736285409
51,13,mixed_use,federated_q,49,0.2259436291848001,-83.7248111771764
51,13,mixed_use,local_q,49,0.2259436291848001,-86.6451309532158
51,13,mixed_use,pooled_q,49,0.2259436291848001,-85.59415101044112
51,13,mixed_use,federated_q,50,0.2259436291848001,-94.89967390843523
51,13,mixed_use,local_q,50,0.2259436291848001,-91.72433328427869
51,13,mixed_use,pooled_q,50,0.2259436291848001,-83.7560760457497
51,13,mixed_use,federated_q,51,0.2259436291848001,-94.56017315780237
51,13,mixed_use,local_q,51,0.2259436291848001,-97.45433299842738
51,13,mixed_use,pooled_q,51,0.2259436291848001,-89.17784675801755
51,14,campus,federated_q,52,0.20334926626632008,-18.456120625360033
51,14,campus,local_q,52,0.20334926626632008,-20.147080750992245
51,14,campus,pooled_q,52,0.20334926626632008,-17.156881216902995
51,14,campus,federated_q,53,0.20334926626632008,-20.165440208655546
51,14,campus,local_q,53,0.20334926626632008,-31.06173339553951
51,14,campus,pooled_q,53,0.20334926626632008,-24.722091802755862
51,14,campus,federated_q,54,0.20334926626632008,-10.028094985193613
51,14,campus,local_q,54,0.20334926626632008,-12.98636316127049
51,14,campus,pooled_q,54,0.20334926626632008,-7.99084097595355
51,14,campus,federated_q,55,0.20334926626632008,-29.6038537306935
51,14,campus,local_q,55,0.20334926626632008,-23.783242994973193
51,14,campus,pooled_q,55,0.20334926626632008,-12.615403925919404
51,14,commuter,federated_q,52,0.20334926626632008,-79.23194576976535
51,14,commuter,local_q,52,0.20334926626632008,-84.3621331950497
51,14,commuter,pooled_q,52,0.20334926626632008,-85.71488123433143
51,14,commuter,federated_q,53,0.20334926626632008,-90.45340559556197
51,14,commuter,local_q,53,0.20334926626632008,-88.56912759957288
51,14,commuter,pooled_q,53,0.20334926626632008,-92.36529350297835
51,14,commuter,federated_q,54,0.20334926626632008,-96.2314766311205
51,14,commuter,local_q,54,0.20334926626632008,-104.80700209577365
51,14,commuter,pooled_q,54,0.20334926626632008,-97.04106164124481
51,14,commuter,federated_q,55,0.20334926626632008,-89.67316185086598
51,14,commuter,local_q,55,0.20334926626632008,-85.80842375113846
51,14,commuter,pooled_q,55,0.20334926626632008,-110.2103892328655
51,14,mixed_use,federated_q,52,0.20334926626632008,-82.94323541406935
51,14,mixed_use,local_q,52,0.20334926626632008,-100.17155271491175
51,14,mixed_use,pooled_q,52,0.20334926626632008,-85.05923305746758
51,14,mixed_use,federated_q,53,0.20334926626632008,-94.02350671979586
51,14,mixed_use,local_q,53,0.20334926626632008,-106.52623549458254
51,14,mixed_use,pooled_q,53,0.20334926626632008,-99.65691456424378
51,14,mixed_use,federated_q,54,0.20334926626632008,-92.64474920507591
51,14,mixed_use,local_q,54,0.20334926626632008,-94.23601490265845
51,14,mixed_use,pooled_q,54,0.20334926626632008,-83.1123812990703
51,14,mixed_use,federated_q,55,0.20334926626632008,-89.83961901299618
51,14,mixed_use,local_q,55,0.20334926626632008,-93.15492579021326
51,14,mixed_use,pooled_q,55,0.20334926626632008,-105.91487499757052
51,15,campus,federated_q,56,0.18301433963968808,-23.636052970341
51,15,campus,local_q,56,0.18301433963968808,-38.02348703251045
51,15,campus,pooled_q,56,0.18301433963968808,-30.545853991930038
51,15,campus,federated_q,57,0.18301433963968808,-8.48537478614322
51,15,campus,local_q,57,0.18301433963968808,-7.761753641760097
51,15,campus,pooled_q,57,0.18301433963968808,-12.300484087987641
51,15,campus,federated_q,58,0.18301433963968808,-26.15550309427664
51,15,campus,local_q,58,0.18301433963968808,-11.11336241786715
51,15,campus,pooled_q,58,0.18301433963968808,-13.544687314165417
51,15,campus,federated_q,59,0.18301433963968808,-6.4239726724044
51,15,campus,local_q,59,0.18301433963968808,-6.379072517032184
51,15,campus,pooled_q,59,0.18301433963968808,-9.214575268574738
51,15,commuter,federated_q,56,0.18301433963968808,-92.54328255969531
51,15,commuter,local_q,56,0.18301433963968808,-94.30578255969533
51,15,commuter,pooled_q,56,0.18301433963968808,-109.44828255969534
51,15,commuter,federated_q,57,0.18301433963968808,-90.43760505072169
51,15,commuter,local_q,57,0.18301433963968808,-90.25547406226198
51,15,commuter,pooled_q,57,0.18301433963968808,-116.2489225511146
51,15,commuter,federated_q,58,0.18301433963968808,-86.4337616764182
51,15,commuter,local_q,58,0.18301433963968808,-83.82431652458801
51,15,commuter,pooled_q,58,0.18301433963968808,-104.2497099395268
51,15,commuter,federated_q,59,0.18301433963968808,-74.69162191800552
51,15,commuter,local_q,59,0.18301433963968808,-77.17848339945569
51,15,commuter,pooled_q,59,0.18301433963968808,-100.62018782438685
51,15,mixed_use,federated_q,56,0.18301433963968808,-89.7109298887904
51,15,mixed_use,local_q,56,0.18301433963968808,-95.16927874740597
51,15,mixed_use,pooled_q,56,0.18301433963968808,-88.99619823475001
51,15,mixed_use,federated_q,57,0.18301433963968808,-84.88601442693819
51,15,mixed_use,local_q,57,0.18301433963968808,-80.97307444687995
51,15,mixed_use,pooled_q,57,0.18301433963968808,-94.5003937842399
51,15,mixed_use,federated_q,58,0.18301433963968808,-90.56151395922524
51,15,mixed_use,local_q,58,0.18301433963968808,-102.75032936126871
51,15,mixed_use,pooled_q,58,0.18301433963968808,-92.91263472528254
51,15,mixed_use,federated_q,59,0.18301433963968808,-76.38457222839048
51,15,mixed_use,local_q,59,0.18301433963968808,-92.57667288771745
51,15,mixed_use,pooled_q,59,0.18301433963968808,-97.2868188472505
51,16,campus,federated_q,60,0.16471290567571928,-23.66018055420628
51,16,campus,local_q,60,0.16471290567571928,-30.770526037284228
51,16,campus,pooled_q,60,0.16471290567571928,-54.15819289317833
51,16,campus,federated_q,61,0.16471290567571928,-13.55186539557104
51,16,campus,local_q,61,0.16471290567571928,-16.06696914242585
51,16,campus,pooled_q,61,0.16471290567571928,-35.23774329795547
51,16,campus,federated_q,62,0.16471290567571928,-15.000185118290563
51,16,campus,local_q,62,0.16471290567571928,-11.997989927101596
51,16,campus,pooled_q,62,0.16471290567571928,-16.824431286315228
51,16,campus,federated_q,63,0.16471290567571928,-26.209428390038916
51,16,campus,local_q,63,0.16471290567571928,-20.900697774693313
51,16,campus,pooled_q,63,0.16471290567571928,-24.24669346112326
51,16,commuter,federated_q,60,0.16471290567571928,-89.58040554562828
51,16,commuter,local_q,60,0.16471290567571928,-89.40040554562827
51,16,commuter,pooled_q,60,0.16471290567571928,-89.42073197670113
51,16,commuter,federated_q,61,0.16471290567571928,-89.11286221138752
51,16,commuter,local_q,61,0.16471290567571928,-88.16531444896025
51,16,commuter,pooled_q,61,0.16471290567571928,-79.77062397083805
51,16,commuter,federated_q,62,0.16471290567571928,-93.21079930705866
51,16,commuter,local_q,62,0.16471290567571928,-93.13529628047573
51,16,commuter,pooled_q,62,0.16471290567571928,-91.28329930705867
51,16,commuter,federated_q,63,0.16471290567571928,-87.98436841106715
51,16,commuter,local_q,63,0.16471290567571928,-89.37057471117731
51,16,commuter,pooled_q,63,0.16471290567571928,-83.95931699112131
51,16,mixed_use,federated_q,60,0.16471290567571928,-58.485706613549596
51,16,mixed_use,local_q,60,0.16471290567571928,-70.74792691893857
51,16,mixed_use,pooled_q,60,0.16471290567571928,-59.27591902017589
51,16,mixed_use,federated_q,61,0.16471290567571928,-89.25890899588745
51,16,mixed_use,local_q,61,0.16471290567571928,-89.33507404170052
51,16,mixed_use,pooled_q,61,0.16471290567571928,-105.08531813664496
51,16,mixed_use,federated_q,62,0.16471290567571928,-88.15252233289475
51,16,mixed_use,local_q,62,0.16471290567571928,-88.46843699509867
51,16,mixed_use,pooled_q,62,0.16471290567571928,-84.00423748220463
51,16,mixed_use,federated_q,63,0.16471290567571928,-88.39951545139202
51,16,mixed_use,local_q,63,0.16471290567571928,-92.6470230195134
51,16,mixed_use,pooled_q,63,0.16471290567571928,-83.53505734717916
51,17,campus,federated_q,64,0.14824161510814735,-15.773565139175238
51,17,campus,local_q,64,0.14824161510814735,-10.844504276688175
51,17,campus,pooled_q,64,0.14824161510814735,-10.523093825032001
51,17,campus,federated_q,65,0.14824161510814735,-0.1506724953285437
51,17,campus,local_q,65,0.14824161510814735,-12.377331004987225
51,17,campus,pooled_q,65,0.14824161510814735,1.9534003039366474
51,17,campus,federated_q,66,0.14824161510814735,-16.455511053877867
51,17,campus,local_q,66,0.14824161510814735,-37.19003967325716
51,17,campus,pooled_q,66,0.14824161510814735,-15.311983457885317
51,17,campus,federated_q,67,0.14824161510814735,-16.941812149127085
51,17,campus,local_q,67,0.14824161510814735,-43.06748705322231
51,17,campus,pooled_q,67,0.14824161510814735,-16.575377830934194
51,17,commuter,federated_q,64,0.14824161510814735,-75.32553470133159
51,17,commuter,local_q,64,0.14824161510814735,-83.12685323570838
51,17,commuter,pooled_q,64,0.14824161510814735,-87.7313005581222
51,17,commuter,federated_q,65,0.14824161510814735,-79.59495527539248
51,17,commuter,local_q,65,0.14824161510814735,-84.2895199626889
51,17,commuter,pooled_q,65,0.14824161510814735,-70.61745527539247
51,17,commuter,federated_q,66,0.14824161510814735,-80.59535966812561
51,17,commuter,local_q,66,0.14824161510814735,-92.15183933820087
51,17,commuter,pooled_q,66,0.14824161510814735,-82.22285966812561
51,17,commuter,federated_q,67,0.14824161510814735,-98.75561738210432
51,17,commuter,local_q,67,0.14824161510814735,-102.61145255558773
51,17,commuter,pooled_q,67,0.14824161510814735,-114.13333272854663
51,17,mixed_use,federated_q,64,0.14824161510814735,-108.98378698572586
51,17,mixed_use,local_q,64,0.14824161510814735,-108.39508734247164
51,17,mixed_use,pooled_q,64,0.14824161510814735,-112.02714563994968
51,17,mixed_use,federated_q,65,0.14824161510814735,-90.00621147439695
51,17,mixed_use,local_q,65,0.14824161510814735,-92.52330435409172
51,17,mixed_use,pooled_q,65,0.14824161510814735,-105.39992800312072
51,17,mixed_use,federated_q,66,0.14824161510814735,-83.0369943998836
51,17,mixed_use,local_q,66,0.14824161510814735,-69.13970688676196
51,17,mixed_use,pooled_q,66,0.14824161510814735,-84.979089338915
51,17,mixed_use,federated_q,67,0.14824161510814735,-87.31287381138817
51,17,mixed_use,local_q,67,0.14824161510814735,-80.26105651398564
51,17,mixed_use,pooled_q,67,0.14824161510814735,-103.65909986940638
51,18,campus,federated_q,68,0.13341745359733262,-12.30280968466691
51,18,campus,local_q,68,0.13341745359733262,-25.501248018183293
51,18,campus,pooled_q,68,0.13341745359733262,-14.998794332563373
51,18,campus,federated_q,69,0.13341745359733262,-3.1700485750982765
51,18,campus,local_q,69,0.13341745359733262,-23.075696359798528
51,18,campus,pooled_q,69,0.13341745359733262,-9.86858393094442
51,18,campus,federated_q,70,0.13341745359733262,-23.895155752046826
51,18,campus,local_q,70,0.13341745359733262,-14.235819914840452
51,18,campus,pooled_q,70,0.13341745359733262,-28.78962956444081
51,18,campus,federated_q,71,0.13341745359733262,-4.960937874729945
51,18,campus,local_q,71,0.13341745359733262,-13.231294006199535
51,18,campus,pooled_q,71,0.13341745359733262,-15.450411556080459
51,18,commuter,federated_q,68,0.13341745359733262,-85.04692797265007
51,18,commuter,local_q,68,0.13341745359733262,-100.85879854193072
51,18,commuter,pooled_q,68,0.13341745359733262,-140.71313532616506
51,18,commuter,federated_q,69,0.13341745359733262,-100.19654401942748
51,18,commuter,local_q,69,0.13341745359733262,-94.77404401942748
51,18,commuter,pooled_q,69,0.13341745359733262,-137.73404401942747
51,18,commuter,federated_q,70,0.13341745359733262,-98.33191216648734
51,18,commuter,local_q,70,0.13341745359733262,-95.2988313648498
51,18,commuter,pooled_q,70,0.13341745359733262,-110.89362948141837
51,18,commuter,federated_q,71,0.13341745359733262,-92.45506115782406
51,18,commuter,local_q,71,0.13341745359733262,-89.61358923243093
51,18,commuter,pooled_q,71,0.13341745359733262,-83.3116899279223
51,18,mixed_use,federated_q,68,0.13341745359733262,-76.23190985117724
51,18,mixed_use,local_q,68,0.13341745359733262,-82.24507126294903
51,18,mixed_use,pooled_q,68,0.13341745359733262,-105.93598257959886
51,18,mixed_use,federated_q,69,0.13341745359733262,-70.17339893424008
51,18,mixed_use,local_q,69,0.13341745359733262,-68.25738876878299
51,18,mixed_use,pooled_q,69,0.13341745359733262,-110.87409602122528
51,18,mixed_use,federated_q,70,0.13341745359733262,-79.4002049333713
51,18,mixed_use,local_q,70,0.13341745359733262,-80.46411784789312
51,18,mixed_use,pooled_q,70,0.13341745359733262,-79.5082346140936
51,18,mixed_use,federated_q,71,0.13341745359733262,-87.20099606204195
51,18,mixed_use,local_q,71,0.13341745359733262,-91.66345064024516
51,18,mixed_use,pooled_q,71,0.13341745359733262,-101.96787518542759
51,19,campus,federated_q,72,0.12007570823759935,-15.779670872727438
51,19,campus,local_q,72,0.12007570823759935,-21.040418732943884
51,19,campus,pooled_q,72,0.12007570823759935,-45.809160274727006
51,19,campus,federated_q,73,0.12007570823759935,-14.15157041219094
51,19,campus,local_q,73,0.12007570823759935,-12.078997911132513
51,19,campus,pooled_q,73,0.12007570823759935,-32.40582669890563
51,19,campus,federated_q,74,0.12007570823759935,-20.769565800410696
51,19,campus,local_q,74,0.12007570823759935,-20.53535992407652
51,19,campus,pooled_q,74,0.12007570823759935,-16.4599027762054
51,19,campus,federated_q,75,0.12007570823759935,-22.086029597967055
51,19,campus,local_q,75,0.12007570823759935,-35.317738009189576
51,19,campus,pooled_q,75,0.12007570823759935,-19.652771799795296
51,19,commuter,federated_q,72,0.12007570823759935,-83.84654071584902
51,19,commuter,local_q,72,0.12007570823759935,-85.72904071584904
51,19,commuter,pooled_q,72,0.12007570823759935,-84.05965190977007
51,19,commuter,federated_q,73,0.12007570823759935,-93.00057915867299
51,19,commuter,local_q,73,0.12007570823759935,-95.00714456209656
51,19,commuter,pooled_q,73,0.12007570823759935,-96.85862603506521
51,19,commuter,federated_q,74,0.12007570823759935,-90.40645288049332
51,19,commuter,local_q,74,0.12007570823759935,-119.59923332876942
51,19,commuter,pooled_q,74,0.12007570823759935,-85.60221649869342
51,19,commuter,federated_q,75,0.12007570823759935,-78.85757725944697
51,19,commuter,local_q,75,0.12007570823759935,-92.55265162111492
51,19,commuter,pooled_q,75,0.12007570823759935,-94.79103292507058
51,19,mixed_use,federated_q,72,0.12007570823759935,-75.9694372603407
51,19,mixed_use,local_q,72,0.12007570823759935,-78.03368672379905
51,19,mixed_use,pooled_q,72,0.12007570823759935,-79.591599478664
51,19,mixed_use,federated_q,73,0.12007570823759935,-69.99582623047195
51,19,mixed_use,local_q,73,0.12007570823759935,-74.52281794371585
51,19,mixed_use,pooled_q,73,0.12007570823759935,-67.82566278165997
51,19,mixed_use,federated_q,74,0.12007570823759935,-97.20843109716668
51,19,mixed_use,local_q,74,0.12007570823759935,-77.25802012073643
51,19,mixed_use,pooled_q,74,0.12007570823759935,-77.42702101293528
51,19,mixed_use,federated_q,75,0.12007570823759935,-117.5250339112738
51,19,mixed_use,local_q,75,0.12007570823759935,-84.64857149973018
51,19,mixed_use,pooled_q,75,0.12007570823759935,-94.65833927065806
51,20,campus,federated_q,76,0.10806813741383943,-1.2321879694606237
51,20,campus,local_q,76,0.10806813741383943,-1.6233069380983813
51,20,campus,pooled_q,76,0.10806813741383943,-0.3849202759184759
51,20,campus,federated_q,77,0.10806813741383943,-15.128676077543545
51,20,campus,local_q,77,0.10806813741383943,-9.90402041200284
51,20,campus,pooled_q,77,0.10806813741383943,4.697423184431678
51,20,campus,federated_q,78,0.10806813741383943,-29.41223950888036
51,20,campus,local_q,78,0.10806813741383943,-32.94129687812116
51,20,campus,pooled_q,78,0.10806813741383943,-18.205100501448825
51,20,campus,federated_q,79,0.10806813741383943,-24.294214302827687
51,20,campus,local_q,79,0.10806813741383943,-22.19259803421066
51,20,campus,pooled_q,79,0.10806813741383943,-16.55165463647635
51,20,commuter,federated_q,76,0.10806813741383943,-91.84834616267001
51,20,commuter,local_q,76,0.10806813741383943,-114.29522755440217
51,20,commuter,pooled_q,76,0.10806813741383943,-87.03135674192102
51,20,commuter,federated_q,77,0.10806813741383943,-95.88487465354703
51,20,commuter,local_q,77,0.10806813741383943,-89.02055459058225
51,20,commuter,pooled_q,77,0.10806813741383943,-85.29892134529732
51,20,commuter,federated_q,78,0.10806813741383943,-85.04294759789403
51,20,commuter,local_q,78,0.10806813741383943,-75.85544759789401
51,20,commuter,pooled_q,78,0.10806813741383943,-75.88143450776971
51,20,commuter,federated_q,79,0.10806813741383943,-94.03567073379
51,20,commuter,local_q,79,0.10806813741383943,-112.19536701995634
51,20,commuter,pooled_q,79,0.10806813741383943,-81.6108294484773
51,20,mixed_use,federated_q,76,0.10806813741383943,-82.97595882456828
51,20,mixed_use,local_q,76,0.10806813741383943,-71.47268815843942
51,20,mixed_use,pooled_q,76,0.10806813741383943,-72.44568815843941
51,20,mixed_use,federated_q,77,0.10806813741383943,-106.74566825094928
51,20,mixed_use,local_q,77,0.10806813741383943,-100.59445569897056
51,20,mixed_use,pooled_q,77,0.10806813741383943,-93.64566154204506
51,20,mixed_use,federated_q,78,0.10806813741383943,-62.90374066828429
51,20,mixed_use,local_q,78,0.10806813741383943,-54.30463301938093
51,20,mixed_use,pooled_q,78,0.10806813741383943,-68.11137427286756
51,20,mixed_use,federated_q,79,0.10806813741383943,-107.22500467013893
51,20,mixed_use,local_q,79,0.10806813741383943,-119.48513176613282
51,20,mixed_use,pooled_q,79,0.10806813741383943,-116.88211900327849
71,1,campus,federated_q,0,0.8,-34.80658929304998
71,1,campus,local_q,0,0.8,-34.80658929304998
71,1,campus,pooled_q,0,0.8,-34.80658929304998
71,1,campus,federated_q,1,0.8,-23.33918561773721
71,1,campus,local_q,1,0.8,-23.33918561773721
71,1,campus,pooled_q,1,0.8,-23.33918561773721
71,1,campus,federated_q,2,0.8,-31.24342372057811
71,1,campus,local_q,2,0.8,-31.24342372057811
71,1,campus,pooled_q,2,0.8,-31.24342372057811
71,1,campus,federated_q,3,0.8,-24.546028951706234
71,1,campus,local_q,3,0.8,-24.546028951706234
71,1,campus,pooled_q,3,0.8,-24.546028951706234
71,1,commuter,federated_q,0,0.8,-82.06780006875599
71,1,commuter,local_q,0,0.8,-82.06780006875599
71,1,commuter,pooled_q,0,0.8,-82.06780006875599
71,1,commuter,federated_q,1,0.8,-92.05799277110475
71,1,commuter,local_q,1,0.8,-92.05799277110475
71,1,commuter,pooled_q,1,0.8,-92.05799277110475
71,1,commuter,federated_q,2,0.8,-86.04461976287993
71,1,commuter,local_q,2,0.8,-86.04461976287993
71,1,commuter,pooled_q,2,0.8,-86.04461976287993
71,1,commuter,federated_q,3,0.8,-98.55615957316638
71,1,commuter,local_q,3,0.8,-98.55615957316638
71,1,commuter,pooled_q,3,0.8,-98.55615957316638
71,1,mixed_use,federated_q,0,0.8,-94.54688471575528
71,1,mixed_use,local_q,0,0.8,-94.54688471575528
71,1,mixed_use,pooled_q,0,0.8,-100.52321887035885
71,1,mixed_use,federated_q,1,0.8,-123.35262669072502
71,1,mixed_use,local_q,1,0.8,-123.35262669072502
71,1,mixed_use,pooled_q,1,0.8,-123.26500168674566
71,1,mixed_use,federated_q,2,0.8,-72.94304521269474
71,1,mixed_use,local_q,2,0.8,-72.94304521269474
71,1,mixed_use,pooled_q,2,0.8,-72.94304521269474
71,1,mixed_use,federated_q,3,0.8,-91.57710963681545
71,1,mixed_use,local_q,3,0.8,-91.57710963681545
71,1,mixed_use,pooled_q,3,0.8,-87.96752384177499
71,2,campus,federated_q,4,0.7200000000000001,-26.566206623931045
71,2,campus,local_q,4,0.7200000000000001,-25.97598671106405
71,2,campus,pooled_q,4,0.7200000000000001,-25.567206623931042
71,2,campus,federated_q,5,0.7200000000000001,-34.063297585054215
71,2,campus,local_q,5,0.7200000000000001,-35.122552028154495
71,2,campus,pooled_q,5,0.7200000000000001,-33.9652157118947
71,2,campus,federated_q,6,0.7200000000000001,-26.709994348336494
71,2,campus,local_q,6,0.7200000000000001,-26.709994348336494
71,2,campus,pooled_q,6,0.7200000000000001,-26.945453328216054
71,2,campus,federated_q,7,0.7200000000000001,-44.808738637372464
71,2,campus,local_q,7,0.7200000000000001,-43.2775380995482
71,2,campus,pooled_q,7,0.7200000000000001,-44.1208114230679
71,2,commuter,federated_q,4,0.7200000000000001,-98.30624276587386
71,2,commuter,local_q,4,0.7200000000000001,-96.46874276587386
71,2,commuter,pooled_q,4,0.7200000000000001,-98.20124276587387
71,2,commuter,federated_q,5,0.7200000000000001,-119.73940929842162
71,2,commuter,local_q,5,0.7200000000000001,-123.60109004927179
71,2,commuter,pooled_q,5,0.7200000000000001,-123.34157008282645
71,2,commuter,federated_q,6,0.7200000000000001,-98.96997174905022
71,2,commuter,local_q,6,0.7200000000000001,-103.7297757201276
71,2,commuter,pooled_q,6,0.7200000000000001,-101.99727572012762
71,2,commuter,federated_q,7,0.7200000000000001,-92.49542925399447
71,2,commuter,local_q,7,0.7200000000000001,-92.49542925399447
71,2,commuter,pooled_q,7,0.7200000000000001,-92.49542925399447
71,2,mixed_use,federated_q,4,0.7200000000000001,-113.250255400954
71,2,mixed_use,local_q,4,0.7200000000000001,-102.87111764782901
71,2,mixed_use,pooled_q,4,0.7200000000000001,-100.54346826621128
71,2,mixed_use,federated_q,5,0.7200000000000001,-102.3463555114368
71,2,mixed_use,local_q,5,0.7200000000000001,-102.34635551143677
71,2,mixed_use,pooled_q,5,0.7200000000000001,-101.02135510895012
71,2,mixed_use,federated_q,6,0.7200000000000001,-101.79229873922799
71,2,mixed_use,local_q,6,0.7200000000000001,-101.88865503138842
71,2,mixed_use,pooled_q,6,0.7200000000000001,-101.88511432504833
71,2,mixed_use,federated_q,7,0.7200000000000001,-101.27870508075443
71,2,mixed_use,local_q,7,0.7200000000000001,-101.27149655795617
71,2,mixed_use,pooled_q,7,0.7200000000000001,-97.9271545922565
71,3,campus,federated_q,8,0.6480000000000001,-25.313249109401482
71,3,campus,local_q,8,0.6480000000000001,-25.98363399369405
71,3,campus,pooled_q,8,0.6480000000000001,-25.172137941448145
71,3,campus,federated_q,9,0.6480000000000001,-29.183697865027842
71,3,campus,local_q,9,0.6480000000000001,-33.89043000869721
71,3,campus,pooled_q,9,0.6480000000000001,-36.40241473020542
71,3,campus,federated_q,10,0.6480000000000001,-21.213439024427892
71,3,campus,local_q,10,0.6480000000000001,-17.79527302012154
71,3,campus,pooled_q,10,0.6480000000000001,-20.311050387967807
71,3,campus,federated_q,11,0.6480000000000001,-41.69350211018699
71,3,campus,local_q,11,0.6480000000000001,-39.05171009966575
71,3,campus,pooled_q,11,0.6480000000000001,-37.50090654473807
71,3,commuter,federated_q,8,0.6480000000000001,-111.2687809323277
71,3,commuter,local_q,8,0.6480000000000001,-113.00128093232769
71,3,commuter,pooled_q,8,0.6480000000000001,-111.2687809323277
71,3,commuter,federated_q,9,0.6480000000000001,-116.96145334912097
71,3,commuter,local_q,9,0.6480000000000001,-115.12395334912098
71,3,commuter,pooled_q,9,0.6480000000000001,-111.65895334912098
71,3,commuter,federated_q,10,0.6480000000000001,-100.57280712670698
71,3,commuter,local_q,10,0.6480000000000001,-95.04808868975343
71,3,commuter,pooled_q,10,0.6480000000000001,-94.98111762973014
71,3,commuter,federated_q,11,0.6480000000000001,-102.88212047945552
71,3,commuter,local_q,11,0.6480000000000001,-99.41712047945552
71,3,commuter,pooled_q,11,0.6480000000000001,-101.1496204794555
71,3,mixed_use,federated_q,8,0.6480000000000001,-87.20603550469801
71,3,mixed_use,local_q,8,0.6480000000000001,-88.78983338490758
71,3,mixed_use,pooled_q,8,0.6480000000000001,-89.59109004752615
71,3,mixed_use,federated_q,9,0.6480000000000001,-98.99680652565797
71,3,mixed_use,local_q,9,0.6480000000000001,-101.40162111353436
71,3,mixed_use,pooled_q,9,0.6480000000000001,-101.42343238721045
71,3,mixed_use,federated_q,10,0.6480000000000001,-104.93280735269023
71,3,mixed_use,local_q,10,0.6480000000000001,-102.5702519526927
71,3,mixed_use,pooled_q,10,0.6480000000000001,-101.76639860616665
71,3,mixed_use,federated_q,11,0.6480000000000001,-117.28873620857289
71,3,mixed_use,local_q,11,0.6480000000000001,-115.12791179684905
71,3,mixed_use,pooled_q,11,0.6480000000000001,-113.80596899810944
71,4,campus,federated_q,12,0.5832,-32.81406049091317
71,4,campus,local_q,12,0.5832,-36.20500186373303
71,4,campus,pooled_q,12,0.5832,-36.784615124231266
71,4,campus,federated_q,13,0.5832,-42.001950067253404
71,4,campus,local_q,13,0.5832,-31.441379806550188
71,4,campus,pooled_q,13,0.5832,-42.069951184928634
71,4,campus,federated_q,14,0.5832,-22.343801859635377
71,4,campus,local_q,14,0.5832,-22.558783590756413
71,4,campus,pooled_q,14,0.5832,-25.84667142638961
71,4,campus,federated_q,15,0.5832,-18.147473183671583
71,4,campus,local_q,15,0.5832,-24.094941636839096
71,4,campus,pooled_q,15,0.5832,-20.348951067112488
71,4,commuter,federated_q,12,0.5832,-99.60069122692384
71,4,commuter,local_q,12,0.5832,-99.49569122692384
71,4,commuter,pooled_q,12,0.5832,-94.29819122692383
71,4,commuter,federated_q,13,0.5832,-105.85840499849638
71,4,commuter,local_q,13,0.5832,-107.88413562231773
71,4,commuter,pooled_q,13,0.5832,-107.59090499849638
71,4,commuter,federated_q,14,0.5832,-121.10989168992332
71,4,commuter,local_q,14,0.5832,-115.74044895646938
71,4,commuter,pooled_q,14,0.5832,-117.75543005053173
71,4,commuter,federated_q,15,0.5832,-86.72836390691343
71,4,commuter,local_q,15,0.5832,-79.45336390691344
71,4,commuter,pooled_q,15,0.5832,-81.18586390691344
71,4,mixed_use,federated_q,12,0.5832,-97.63414724936639
71,4,mixed_use,local_q,12,0.5832,-104.10359346483574
71,4,mixed_use,pooled_q,12,0.5832,-104.30886097571417
71,4,mixed_use,federated_q,13,0.5832,-120.27972232064279
71,4,mixed_use,local_q,13,0.5832,-114.75771484410507
71,4,mixed_use,pooled_q,13,0.5832,-123.93109018308354
71,4,mixed_use,federated_q,14,0.5832,-88.69412661070518
71,4,mixed_use,local_q,14,0.5832,-85.07465210268867
71,4,mixed_use,pooled_q,14,0.5832,-80.66375132790283
71,4,mixed_use,federated_q,15,0.5832,-97.95218177137863
71,4,mixed_use,local_q,15,0.5832,-97.82007082516981
71,4,mixed_use,pooled_q,15,0.5832,-89.94098062582546
71,5,campus,federated_q,16,0.52488,-27.14504755856365
71,5,campus,local_q,16,0.52488,-36.664924361029534
71,5,campus,pooled_q,16,0.52488,-18.608790519431558
71,5,campus,federated_q,17,0.52488,-44.60026866226707
71,5,campus,local_q,17,0.52488,-37.20092826642097
71,5,campus,pooled_q,17,0.52488,-34.42955029910722
71,5,campus,federated_q,18,0.52488,-34.90870137397954
71,5,campus,local_q,18,0.52488,-33.30218473423893
71,5,campus,pooled_q,18,0.52488,-29.173227067694796
71,5,campus,federated_q,19,0.52488,-21.051792081011598
71,5,campus,local_q,19,0.52488,-22.44549165084868
71,5,campus,pooled_q,19,0.52488,-22.338234842972305
71,5,commuter,federated_q,16,0.52488,-93.88896224944108
71,5,commuter,local_q,16,0.52488,-98.87646224944109
71,5,commuter,pooled_q,16,0.52488,-83.3889622494411
71,5,commuter,federated_q,17,0.52488,-107.38630361130723
71,5,commuter,local_q,17,0.52488,-101.89796958786977
71,5,commuter,pooled_q,17,0.52488,-100.16546958786978
71,5,commuter,federated_q,18,0.52488,-87.67237640916093
71,5,commuter,local_q,18,0.52488,-78.27943463753772
71,5,commuter,pooled_q,18,0.52488,-78.38443463753774
71,5,commuter,federated_q,19,0.52488,-112.20473790117511
71,5,commuter,local_q,19,0.52488,-114.14723790117512
71,5,commuter,pooled_q,19,0.52488,-110.4722379011751
71,5,mixed_use,federated_q,16,0.52488,-93.19983749558305
71,5,mixed_use,local_q,16,0.52488,-88.15785041368008
71,5,mixed_use,pooled_q,16,0.52488,-88.24326811554829
71,5,mixed_use,federated_q,17,0.52488,-80.19521507659451
71,5,mixed_use,local_q,17,0.52488,-77.90192544889497
71,5,mixed_use,pooled_q,17,0.52488,-85.42564269782545
71,5,mixed_use,federated_q,18,0.52488,-103.52821196975829
71,5,mixed_use,local_q,18,0.52488,-88.2388036819958
71,5,mixed_use,pooled_q,18,0.52488,-87.9074816758101
71,5,mixed_use,federated_q,19,0.52488,-101.64897265676703
71,5,mixed_use,local_q,19,0.52488,-111.30280197261295
71,5,mixed_use,pooled_q,19,0.52488,-102.93095648376558
71,6,campus,federated_q,20,0.4723920000000001,-6.562177704684519
71,6,campus,local_q,20,0.4723920000000001,-13.644316012288112
71,6,campus,pooled_q,20,0.4723920000000001,-12.706542336764242
71,6,campus,federated_q,21,0.4723920000000001,-26.07930704938452
71,6,campus,local_q,21,0.4723920000000001,-24.692035581114123
71,6,campus,pooled_q,21,0.4723920000000001,-27.761596607587034
71,6,campus,federated_q,22,0.4723920000000001,-41.961743651693105
71,6,campus,local_q,22,0.4723920000000001,-38.7948533222957
71,6,campus,pooled_q,22,0.4723920000000001,-36.552986768598004
71,6,campus,federated_q,23,0.4723920000000001,-46.36980085678432
71,6,campus,local_q,23,0.4723920000000001,-47.54926028737689
71,6,campus,pooled_q,23,0.4723920000000001,-39.366239357857516
71,6,commuter,federated_q,20,0.4723920000000001,-88.13117125357746
71,6,commuter,local_q,20,0.4723920000000001,-93.43367125357747
71,6,commuter,pooled_q,20,0.4723920000000001,-100.78367125357747
71,6,commuter,federated_q,21,0.4723920000000001,-93.72452555262474
71,6,commuter,local_q,21,0.4723920000000001,-90.00988073954922
71,6,commuter,pooled_q,21,0.4723920000000001,-91.7573807395492
71,6,commuter,federated_q,22,0.4723920000000001,-87.29846525095357
71,6,commuter,local_q,22,0.4723920000000001,-85.18185867417232
71,6,commuter,pooled_q,22,0.4723920000000001,-80.36078298912068
71,6,commuter,federated_q,23,0.4723920000000001,-96.63203035669824
71,6,commuter,local_q,23,0.4723920000000001,-89.03773413423048
71,6,commuter,pooled_q,23,0.4723920000000001,-87.89175205501562
71,6,mixed_use,federated_q,20,0.4723920000000001,-84.78397293547911
71,6,mixed_use,local_q,20,0.4723920000000001,-93.39530576103925
71,6,mixed_use,pooled_q,20,0.4723920000000001,-95.46063988547722
71,6,mixed_use,federated_q,21,0.4723920000000001,-113.24497786157566
71,6,mixed_use,local_q,21,0.4723920000000001,-103.06225522108562
71,6,mixed_use,pooled_q,21,0.4723920000000001,-113.20567655326315
71,6,mixed_use,federated_q,22,0.4723920000000001,-99.06420132944957
71,6,mixed_use,local_q,22,0.4723920000000001,-96.50972280161012
71,6,mixed_use,pooled_q,22,0.4723920000000001,-100.61252092874639
71,6,mixed_use,federated_q,23,0.4723920000000001,-117.6944302668095
71,6,mixed_use,local_q,23,0.4723920000000001,-115.67670902156533
71,6,mixed_use,pooled_q,23,0.4723920000000001,-123.43920309223465
71,7,campus,federated_q,24,0.42515280000000005,-27.918502093007984
71,7,campus,local_q,24,0.42515280000000005,-30.04162509599253
71,7,campus,pooled_q,24,0.42515280000000005,-25.649304098190317
71,7,campus,federated_q,25,0.42515280000000005,-30.789905005829283
71,7,campus,local_q,25,0.42515280000000005,-26.625571898617178
71,7,campus,pooled_q,25,0.42515280000000005,-25.933659612152624
71,7,campus,federated_q,26,0.42515280000000005,-12.815254709123318
71,7,campus,local_q,26,0.42515280000000005,-11.39022154370426
71,7,campus,pooled_q,26,0.42515280000000005,-11.3103396253243
71,7,campus,federated_q,27,0.42515280000000005,3.553256353843654
71,7,campus,local_q,27,0.42515280000000005,4.086163614038404
71,7,campus,pooled_q,27,0.42515280000000005,3.192446653171451
71,7,commuter,federated_q,24,0.42515280000000005,-86.11295083118559
71,7,commuter,local_q,24,0.42515280000000005,-80.60045083118557
71,7,commuter,pooled_q,24,0.42515280000000005,-88.83975478956306
71,7,commuter,federated_q,25,0.42515280000000005,-97.58459212472121
71,7,commuter,local_q,25,0.42515280000000005,-96.99437432493875
71,7,commuter,pooled_q,25,0.42515280000000005,-88.40687432493876
71,7,commuter,federated_q,26,0.42515280000000005,-109.35093719569001
71,7,commuter,local_q,26,0.42515280000000005,-105.86032967411137
71,7,commuter,pooled_q,26,0.42515280000000005,-93.73282967411137
71,7,commuter,federated_q,27,0.42515280000000005,-103.03999909329889
71,7,commuter,local_q,27,0.42515280000000005,-106.59502875560801
71,7,commuter,pooled_q,27,0.42515280000000005,-88.68626077188512
71,7,mixed_use,federated_q,24,0.42515280000000005,-103.65407941800115
71,7,mixed_use,local_q,24,0.42515280000000005,-110.28603003545527
71,7,mixed_use,pooled_q,24,0.42515280000000005,-92.02809026501055
71,7,mixed_use,federated_q,25,0.42515280000000005,-128.54593655864358
71,7,mixed_use,local_q,25,0.42515280000000005,-123.19178512996695
71,7,mixed_use,pooled_q,25,0.42515280000000005,-120.9929716305299
71,7,mixed_use,federated_q,26,0.42515280000000005,-96.082946638279
71,7,mixed_use,local_q,26,0.42515280000000005,-85.19694295864313
71,7,mixed_use,pooled_q,26,0.42515280000000005,-84.92539747200149
71,7,mixed_use,federated_q,27,0.42515280000000005,-100.31551759874368
71,7,mixed_use,local_q,27,0.42515280000000005,-89.51682004581133
71,7,mixed_use,pooled_q,27,0.42515280000000005,-90.7101619450814
71,8,campus,federated_q,28,0.38263752000000006,-25.035004946057047
71,8,campus,local_q,28,0.38263752000000006,-20.12601372609656
71,8,campus,pooled_q,28,0.38263752000000006,-29.850801987675545
71,8,campus,federated_q,29,0.38263752000000006,-13.902871648483552
71,8,campus,local_q,29,0.38263752000000006,-14.344412812927999
71,8,campus,pooled_q,29,0.38263752000000006,-35.1076873461033
71,8,campus,federated_q,30,0.38263752000000006,-20.699724704931665
71,8,campus,local_q,30,0.38263752000000006,-3.297878689746942
71,8,campus,pooled_q,30,0.38263752000000006,-12.768256557013565
71,8,campus,federated_q,31,0.38263752000000006,-27.97621945528078
71,8,campus,local_q,31,0.38263752000000006,-25.881703827930945
71,8,campus,pooled_q,31,0.38263752000000006,-31.698995177162065
71,8,commuter,federated_q,28,0.38263752000000006,-76.11772618349471
71,8,commuter,local_q,28,0.38263752000000006,-77.98269806668218
71,8,commuter,pooled_q,28,0.38263752000000006,-76.06731396498704
71,8,commuter,federated_q,29,0.38263752000000006,-111.48572943701866
71,8,commuter,local_q,29,0.38263752000000006,-100.87902059493882
71,8,commuter,pooled_q,29,0.38263752000000006,-93.60572943701865
71,8,commuter,federated_q,30,0.38263752000000006,-93.916124381957
71,8,commuter,local_q,30,0.38263752000000006,-99.27975553808469
71,8,commuter,pooled_q,30,0.38263752000000006,-103.388624381957
71,8,commuter,federated_q,31,0.38263752000000006,-106.80090951864085
71,8,commuter,local_q,31,0.38263752000000006,-103.33590951864086
71,8,commuter,pooled_q,31,0.38263752000000006,-105.17587933892273
71,8,mixed_use,federated_q,28,0.38263752000000006,-95.7819119965029
71,8,mixed_use,local_q,28,0.38263752000000006,-108.55369316016024
71,8,mixed_use,pooled_q,28,0.38263752000000006,-90.69047487830105
71,8,mixed_use,federated_q,29,0.38263752000000006,-105.14316776747124
71,8,mixed_use,local_q,29,0.38263752000000006,-105.24785641049758
71,8,mixed_use,pooled_q,29,0.38263752000000006,-97.77742975347218
71,8,mixed_use,federated_q,30,0.38263752000000006,-84.95536658549226
71,8,mixed_use,local_q,30,0.38263752000000006,-87.34578816836368
71,8,mixed_use,pooled_q,30,0.38263752000000006,-89.03473786719964
71,8,mixed_use,federated_q,31,0.38263752000000006,-111.37570355383137
71,8,mixed_use,local_q,31,0.38263752000000006,-105.22632458897044
71,8,mixed_use,pooled_q,31,0.38263752000000006,-97.90781379524766
71,9,campus,federated_q,32,0.3443737680000001,-19.515469672026313
71,9,campus,local_q,32,0.3443737680000001,-20.188009031900243
71,9,campus,pooled_q,32,0.3443737680000001,-20.966328966877462
71,9,campus,federated_q,33,0.3443737680000001,-21.729296214007494
71,9,campus,local_q,33,0.3443737680000001,-37.59057229655917
71,9,campus,pooled_q,33,0.3443737680000001,-17.953100192468504
71,9,campus,federated_q,34,0.3443737680000001,-53.80930191230193
71,9,campus,local_q,34,0.3443737680000001,-46.35361096976213
71,9,campus,pooled_q,34,0.3443737680000001,-56.19430999660526
71,9,campus,federated_q,35,0.3443737680000001,-11.419203726581685
71,9,campus,local_q,35,0.3443737680000001,-13.261959768955233
71,9,campus,pooled_q,35,0.3443737680000001,-14.136128547572195
71,9,commuter,federated_q,32,0.3443737680000001,-104.1727103674716
71,9,commuter,local_q,32,0.3443737680000001,-110.12550678679017
71,9,commuter,pooled_q,32,0.3443737680000001,-102.33521036747159
71,9,commuter,federated_q,33,0.3443737680000001,-109.4767099203365
71,9,commuter,local_q,33,0.3443737680000001,-99.77183290546014
71,9,commuter,pooled_q,33,0.3443737680000001,-110.06183290546014
71,9,commuter,federated_q,34,0.3443737680000001,-86.00648826404694
71,9,commuter,local_q,34,0.3443737680000001,-80.81587851344469
71,9,commuter,pooled_q,34,0.3443737680000001,-93.25148826404693
71,9,commuter,federated_q,35,0.3443737680000001,-101.57452570672783
71,9,commuter,local_q,35,0.3443737680000001,-94.71525685613005
71,9,commuter,pooled_q,35,0.3443737680000001,-103.38202570672782
71,9,mixed_use,federated_q,32,0.3443737680000001,-94.39820963911647
71,9,mixed_use,local_q,32,0.3443737680000001,-105.6773845106993
71,9,mixed_use,pooled_q,32,0.3443737680000001,-91.63501998386434
71,9,mixed_use,federated_q,33,0.3443737680000001,-94.84572940366078
71,9,mixed_use,local_q,33,0.3443737680000001,-103.73338222696202
71,9,mixed_use,pooled_q,33,0.3443737680000001,-91.1637797063906
71,9,mixed_use,federated_q,34,0.3443737680000001,-77.6847511947832
71,9,mixed_use,local_q,34,0.3443737680000001,-76.41624299276403
71,9,mixed_use,pooled_q,34,0.3443737680000001,-84.21974749194318
71,9,mixed_use,federated_q,35,0.3443737680000001,-74.08789975098766
71,9,mixed_use,local_q,35,0.3443737680000001,-73.37341591792728
71,9,mixed_use,pooled_q,35,0.3443737680000001,-64.19378894306035
71,10,campus,federated_q,36,0.3099363912000001,-21.296755308454273
71,10,campus,local_q,36,0.3099363912000001,-27.901371637320675
71,10,campus,pooled_q,36,0.3099363912000001,-18.147996962191588
71,10,campus,federated_q,37,0.3099363912000001,-14.363702268246872
71,10,campus,local_q,37,0.3099363912000001,-28.014166971494454
71,10,campus,pooled_q,37,0.3099363912000001,-5.25305112251418
71,10,campus,federated_q,38,0.3099363912000001,-25.972460678534297
71,10,campus,local_q,38,0.3099363912000001,-26.25161498005696
71,10,campus,pooled_q,38,0.3099363912000001,-25.007402138784453
71,10,campus,federated_q,39,0.3099363912000001,-30.647000778501642
71,10,campus,local_q,39,0.3099363912000001,-28.79416892157867
71,10,campus,pooled_q,39,0.3099363912000001,-38.680689844674355
71,10,commuter,federated_q,36,0.3099363912000001,-88.11912010077687
71,10,commuter,local_q,36,0.3099363912000001,-86.38875173325295
71,10,commuter,pooled_q,36,0.3099363912000001,-73.91023117060669
71,10,commuter,federated_q,37,0.3099363912000001,-120.48711949012568
71,10,commuter,local_q,37,0.3099363912000001,-107.83461949012569
71,10,commuter,pooled_q,37,0.3099363912000001,-95.3780744199112
71,10,commuter,federated_q,38,0.3099363912000001,-114.84913581095948
71,10,commuter,local_q,38,0.3099363912000001,-95.09148894680585
71,10,commuter,pooled_q,38,0.3099363912000001,-100.54398894680585
71,10,commuter,federated_q,39,0.3099363912000001,-102.19014527119693
71,10,commuter,local_q,39,0.3099363912000001,-75.25583103041177
71,10,commuter,pooled_q,39,0.3099363912000001,-78.83461947313191
71,10,mixed_use,federated_q,36,0.3099363912000001,-106.35293300106761
71,10,mixed_use,local_q,36,0.3099363912000001,-110.5999595816782
71,10,mixed_use,pooled_q,36,0.3099363912000001,-97.88741110137606
71,10,mixed_use,federated_q,37,0.3099363912000001,-93.95281767612025
71,10,mixed_use,local_q,37,0.3099363912000001,-95.88803269164738
71,10,mixed_use,pooled_q,37,0.3099363912000001,-92.83974876774674
71,10,mixed_use,federated_q,38,0.3099363912000001,-100.46840447168613
71,10,mixed_use,local_q,38,0.3099363912000001,-103.03122845617371
71,10,mixed_use,pooled_q,38,0.3099363912000001,-103.46807665553929
71,10,mixed_use,federated_q,39,0.3099363912000001,-113.30750338486045
71,10,mixed_use,local_q,39,0.3099363912000001,-117.77493797831926
71,10,mixed_use,pooled_q,39,0.3099363912000001,-108.55026883758642
71,11,campus,federated_q,40,0.2789427520800001,-14.450624208190213
71,11,campus,local_q,40,0.2789427520800001,-23.529776019280703
71,11,campus,pooled_q,40,0.2789427520800001,-27.77080857321044
71,11,campus,federated_q,41,0.2789427520800001,-21.59533073017961
71,11,campus,local_q,41,0.2789427520800001,-15.499545322007956
71,11,campus,pooled_q,41,0.2789427520800001,-21.708360504584157
71,11,campus,federated_q,42,0.2789427520800001,-12.00529957121874
71,11,campus,local_q,42,0.2789427520800001,-14.785904284069263
71,11,campus,pooled_q,42,0.2789427520800001,-17.53999881050299
71,11,campus,federated_q,43,0.2789427520800001,-12.762901249405246
71,11,campus,local_q,43,0.2789427520800001,-11.649434611071195
71,11,campus,pooled_q,43,0.2789427520800001,-29.623611901331596
71,11,commuter,federated_q,40,0.2789427520800001,-110.65927468744412
71,11,commuter,local_q,40,0.2789427520800001,-90.73864486558251
71,11,commuter,pooled_q,40,0.2789427520800001,-115.96177468744415
71,11,commuter,federated_q,41,0.2789427520800001,-88.5958732260042
71,11,commuter,local_q,41,0.2789427520800001,-86.24474079890734
71,11,commuter,pooled_q,41,0.2789427520800001,-121.78465308706448
71,11,commuter,federated_q,42,0.2789427520800001,-84.63305499372585
71,11,commuter,local_q,42,0.2789427520800001,-94.66377753951032
71,11,commuter,pooled_q,42,0.2789427520800001,-108.47736096410316
71,11,commuter,federated_q,43,0.2789427520800001,-86.83582774295948
71,11,commuter,local_q,43,0.2789427520800001,-95.76356034910299
71,11,commuter,pooled_q,43,0.2789427520800001,-103.9569311430264
71,11,mixed_use,federated_q,40,0.2789427520800001,-96.41850756700698
71,11,mixed_use,local_q,40,0.2789427520800001,-92.76457772295063
71,11,mixed_use,pooled_q,40,0.2789427520800001,-94.10421443300642
71,11,mixed_use,federated_q,41,0.2789427520800001,-74.66615228274034
71,11,mixed_use,local_q,41,0.2789427520800001,-88.79181487409588
71,11,mixed_use,pooled_q,41,0.2789427520800001,-79.82596543077247
71,11,mixed_use,federated_q,42,0.2789427520800001,-94.58408929155256
71,11,mixed_use,local_q,42,0.2789427520800001,-76.97094893592418
71,11,mixed_use,pooled_q,42,0.2789427520800001,-102.05240472017128
71,11,mixed_use,federated_q,43,0.2789427520800001,-100.03334778743705
71,11,mixed_use,local_q,43,0.2789427520800001,-99.03264008850321
71,11,mixed_use,pooled_q,43,0.2789427520800001,-99.88282046662256
71,12,campus,federated_q,44,0.25104847687200005,-17.110725181077363
71,12,campus,local_q,44,0.25104847687200005,-3.9762869703740384
71,12,campus,pooled_q,44,0.25104847687200005,-5.056263675922374
71,12,campus,federated_q,45,0.25104847687200005,-53.42879075790948
71,12,campus,local_q,45,0.25104847687200005,-33.51883131406521
71,12,campus,pooled_q,45,0.25104847687200005,-37.28904089319172
71,12,campus,federated_q,46,0.25104847687200005,-27.14040755193909
71,12,campus,local_q,46,0.25104847687200005,-26.012960100389282
71,12,campus,pooled_q,46,0.25104847687200005,-36.63725741120066
71,12,campus,federated_q,47,0.25104847687200005,-11.839597577046163
71,12,campus,local_q,47,0.25104847687200005,-37.71852732958734
71,12,campus,pooled_q,47,0.25104847687200005,-31.148862750244092
71,12,commuter,federated_q,44,0.25104847687200005,-97.5346016507793
71,12,commuter,local_q,44,0.25104847687200005,-98.64224227285473
71,12,commuter,pooled_q,44,0.25104847687200005,-104.41754307133107
71,12,commuter,federated_q,45,0.25104847687200005,-98.91540773129876
71,12,commuter,local_q,45,0.25104847687200005,-93.7887268430976
71,12,commuter,pooled_q,45,0.25104847687200005,-93.72150880051251
71,12,commuter,federated_q,46,0.25104847687200005,-83.1032305637396
71,12,commuter,local_q,46,0.25104847687200005,-84.83573056373959
71,12,commuter,pooled_q,46,0.25104847687200005,-82.66258272658492
71,12,commuter,federated_q,47,0.25104847687200005,-92.70199405632053
71,12,commuter,local_q,47,0.25104847687200005,-92.70199405632054
71,12,commuter,pooled_q,47,0.25104847687200005,-92.50492043000443
71,12,mixed_use,federated_q,44,0.25104847687200005,-85.96467045944271
71,12,mixed_use,local_q,44,0.25104847687200005,-68.07776455992416
71,12,mixed_use,pooled_q,44,0.25104847687200005,-78.54186542707619
71,12,mixed_use,federated_q,45,0.25104847687200005,-99.85948186724032
71,12,mixed_use,local_q,45,0.25104847687200005,-83.74165385490146
71,12,mixed_use,pooled_q,45,0.25104847687200005,-92.24737670336128
71,12,mixed_use,federated_q,46,0.25104847687200005,-111.05858177825381
71,12,mixed_use,local_q,46,0.25104847687200005,-111.08484140260232
71,12,mixed_use,pooled_q,46,0.25104847687200005,-103.88013516551018
71,12,mixed_use,federated_q,47,0.25104847687200005,-113.83633506960248
71,12,mixed_use,local_q,47,0.25104847687200005,-96.80209293816732
71,12,mixed_use,pooled_q,47,0.25104847687200005,-96.34327583505961
71,13,campus,federated_q,48,0.2259436291848001,-30.70199693749282
71,13,campus,local_q,48,0.2259436291848001,-35.22954133091717
71,13,campus,pooled_q,48,0.2259436291848001,-37.1160374786615
71,13,campus,federated_q,49,0.2259436291848001,-25.343084383490467
71,13,campus,local_q,49,0.2259436291848001,-20.110341075348327
71,13,campus,pooled_q,49,0.2259436291848001,-31.85919683280725
71,13,campus,federated_q,50,0.2259436291848001,-32.416238529211306
71,13,campus,local_q,50,0.2259436291848001,-29.40331699233714
71,13,campus,pooled_q,50,0.2259436291848001,-16.847317310197525
71,13,campus,federated_q,51,0.2259436291848001,-31.319062628279763
71,13,campus,local_q,51,0.2259436291848001,-23.549080108706136
71,13,campus,pooled_q,51,0.2259436291848001,-18.979049972123864
71,13,commuter,federated_q,48,0.2259436291848001,-90.80982196013684
71,13,commuter,local_q,48,0.2259436291848001,-103.75900783264345
71,13,commuter,pooled_q,48,0.2259436291848001,-93.63337590890421
71,13,commuter,federated_q,49,0.2259436291848001,-79.2850961656495
71,13,commuter,local_q,49,0.2259436291848001,-96.73368865005139
71,13,commuter,pooled_q,49,0.2259436291848001,-70.20775119329315
71,13,commuter,federated_q,50,0.2259436291848001,-89.95375562319856
71,13,commuter,local_q,50,0.2259436291848001,-95.15125562319855
71,13,commuter,pooled_q,50,0.2259436291848001,-97.11140707763177
71,13,commuter,federated_q,51,0.2259436291848001,-93.16978419358284
71,13,commuter,local_q,51,0.2259436291848001,-89.77180175463585
71,13,commuter,pooled_q,51,0.2259436291848001,-87.93430175463587
71,13,mixed_use,federated_q,48,0.2259436291848001,-93.70808287869662
71,13,mixed_use,local_q,48,0.2259436291848001,-105.23485824063468
71,13,mixed_use,pooled_q,48,0.2259436291848001,-84.93446558080518
71,13,mixed_use,federated_q,49,0.2259436291848001,-84.40342077330855
71,13,mixed_use,local_q,49,0.2259436291848001,-96.12698488955198
71,13,mixed_use,pooled_q,49,0.2259436291848001,-68.68003529128116
71,13,mixed_use,federated_q,50,0.2259436291848001,-96.59466154391053
71,13,mixed_use,local_q,50,0.2259436291848001,-101.50855497966185
71,13,mixed_use,pooled_q,50,0.2259436291848001,-105.83221117126226
71,13,mixed_use,federated_q,51,0.2259436291848001,-84.83209889130235
71,13,mixed_use,local_q,51,0.2259436291848001,-79.96978875829046
71,13,mixed_use,pooled_q,51,0.2259436291848001,-56.286225815260025
71,14,campus,federated_q,52,0.20334926626632008,-22.333849185761608
71,14,campus,local_q,52,0.20334926626632008,-43.229972607372304
71,14,campus,pooled_q,52,0.20334926626632008,-15.324322249923528
71,14,campus,federated_q,53,0.20334926626632008,-26.445642370289793
71,14,campus,local_q,53,0.20334926626632008,-15.638452971343066
71,14,campus,pooled_q,53,0.20334926626632008,-20.178630028465946
71,14,campus,federated_q,54,0.20334926626632008,-41.47648474184615
71,14,campus,local_q,54,0.20334926626632008,-15.687477357236867
71,14,campus,pooled_q,54,0.20334926626632008,-24.57044936093754
71,14,campus,federated_q,55,0.20334926626632008,-16.888732834985596
71,14,campus,local_q,55,0.20334926626632008,-16.875522788169164
71,14,campus,pooled_q,55,0.20334926626632008,-4.44876584464032
71,14,commuter,federated_q,52,0.20334926626632008,-77.18089483244162
71,14,commuter,local_q,52,0.20334926626632008,-86.15839483244163
71,14,commuter,pooled_q,52,0.20334926626632008,-82.20247563631293
71,14,commuter,federated_q,53,0.20334926626632008,-92.55469520653529
71,14,commuter,local_q,53,0.20334926626632008,-116.78030554333736
71,14,commuter,pooled_q,53,0.20334926626632008,-96.28981901465426
71,14,commuter,federated_q,54,0.20334926626632008,-76.1415374483711
71,14,commuter,local_q,54,0.20334926626632008,-98.66922465081203
71,14,commuter,pooled_q,54,0.20334926626632008,-77.66777899972004
71,14,commuter,federated_q,55,0.20334926626632008,-98.06469937996816
71,14,commuter,local_q,55,0.20334926626632008,-106.4764552189296
71,14,commuter,pooled_q,55,0.20334926626632008,-105.63325257730435
71,14,mixed_use,federated_q,52,0.20334926626632008,-87.94968630424196
71,14,mixed_use,local_q,52,0.20334926626632008,-92.65831708921881
71,14,mixed_use,pooled_q,52,0.20334926626632008,-91.90739315699379
71,14,mixed_use,federated_q,53,0.20334926626632008,-99.28262445172021
71,14,mixed_use,local_q,53,0.20334926626632008,-102.57153812677714
71,14,mixed_use,pooled_q,53,0.20334926626632008,-117.0809923453629
71,14,mixed_use,federated_q,54,0.20334926626632008,-92.33023391598299
71,14,mixed_use,local_q,54,0.20334926626632008,-115.2738549566627
71,14,mixed_use,pooled_q,54,0.20334926626632008,-97.9623033911765
71,14,mixed_use,federated_q,55,0.20334926626632008,-99.05661239578836
71,14,mixed_use,local_q,55,0.20334926626632008,-101.8389037336952
71,14,mixed_use,pooled_q,55,0.20334926626632008,-80.40790146269266
71,15,campus,federated_q,56,0.18301433963968808,-23.079074655895777
71,15,campus,local_q,56,0.18301433963968808,-40.367646426238004
71,15,campus,pooled_q,56,0.18301433963968808,-39.930132327466595
71,15,campus,federated_q,57,0.18301433963968808,-10.095360480743567
71,15,campus,local_q,57,0.18301433963968808,-14.651910333889184
71,15,campus,pooled_q,57,0.18301433963968808,1.5803553968331985
71,15,campus,federated_q,58,0.18301433963968808,-22.94713309559111
71,15,campus,local_q,58,0.18301433963968808,-37.89669491112359
71,15,campus,pooled_q,58,0.18301433963968808,-22.646333458776528
71,15,campus,federated_q,59,0.18301433963968808,-9.853120511960228
71,15,campus,local_q,59,0.18301433963968808,-11.039605085710484
71,15,campus,pooled_q,59,0.18301433963968808,-14.708410051481035
71,15,commuter,federated_q,56,0.18301433963968808,-91.07655794317901
71,15,commuter,local_q,56,0.18301433963968808,-84.64408807602173
71,15,commuter,pooled_q,56,0.18301433963968808,-82.74029475765582
71,15,commuter,federated_q,57,0.18301433963968808,-103.22695043450989
71,15,commuter,local_q,57,0.18301433963968808,-99.2215435763286
71,15,commuter,pooled_q,57,0.18301433963968808,-88.37654357632861
71,15,commuter,federated_q,58,0.18301433963968808,-94.0050444187031
71,15,commuter,local_q,58,0.18301433963968808,-79.94106417784445
71,15,commuter,pooled_q,58,0.18301433963968808,-89.7179200423391
71,15,commuter,federated_q,59,0.18301433963968808,-91.83284700214129
71,15,commuter,local_q,59,0.18301433963968808,-91.49970634875666
71,15,commuter,pooled_q,59,0.18301433963968808,-91.26191927288276
71,15,mixed_use,federated_q,56,0.18301433963968808,-87.39471923399071
71,15,mixed_use,local_q,56,0.18301433963968808,-121.0383617810113
71,15,mixed_use,pooled_q,56,0.18301433963968808,-89.48472240397145
71,15,mixed_use,federated_q,57,0.18301433963968808,-98.0842101478713
71,15,mixed_use,local_q,57,0.18301433963968808,-96.37793504003325
71,15,mixed_use,pooled_q,57,0.18301433963968808,-83.78369661693361
71,15,mixed_use,federated_q,58,0.18301433963968808,-100.96238657740119
71,15,mixed_use,local_q,58,0.18301433963968808,-86.03526921107097
71,15,mixed_use,pooled_q,58,0.18301433963968808,-92.78463671333374
71,15,mixed_use,federated_q,59,0.18301433963968808,-101.80196070325299
71,15,mixed_use,local_q,59,0.18301433963968808,-95.53068642767263
71,15,mixed_use,pooled_q,59,0.18301433963968808,-90.07128328252395
71,16,campus,federated_q,60,0.16471290567571928,-25.277616504153293
71,16,campus,local_q,60,0.16471290567571928,-25.030501027101053
71,16,campus,pooled_q,60,0.16471290567571928,-26.02849423729965
71,16,campus,federated_q,61,0.16471290567571928,-25.8819310928227
71,16,campus,local_q,61,0.16471290567571928,-32.35561836037887
71,16,campus,pooled_q,61,0.16471290567571928,-35.31354813681621
71,16,campus,federated_q,62,0.16471290567571928,-29.92570020761198
71,16,campus,local_q,62,0.16471290567571928,-34.702587956587905
71,16,campus,pooled_q,62,0.16471290567571928,-43.74155905064518
71,16,campus,federated_q,63,0.16471290567571928,-7.827232600786482
71,16,campus,local_q,63,0.16471290567571928,-13.414860780289539
71,16,campus,pooled_q,63,0.16471290567571928,-22.486919443043497
71,16,commuter,federated_q,60,0.16471290567571928,-92.55178564332587
71,16,commuter,local_q,60,0.16471290567571928,-87.50200784902671
71,16,commuter,pooled_q,60,0.16471290567571928,-94.33891696659067
71,16,commuter,federated_q,61,0.16471290567571928,-97.87674366772032
71,16,commuter,local_q,61,0.16471290567571928,-97.45555521015815
71,16,commuter,pooled_q,61,0.16471290567571928,-88.68924366772029
71,16,commuter,federated_q,62,0.16471290567571928,-84.87864447219009
71,16,commuter,local_q,62,0.16471290567571928,-86.48594962383692
71,16,commuter,pooled_q,62,0.16471290567571928,-93.12508644732235
71,16,commuter,federated_q,63,0.16471290567571928,-92.90841256534979
71,16,commuter,local_q,63,0.16471290567571928,-116.61395938641488
71,16,commuter,pooled_q,63,0.16471290567571928,-82.7514593864149
71,16,mixed_use,federated_q,60,0.16471290567571928,-123.70494629439314
71,16,mixed_use,local_q,60,0.16471290567571928,-109.67778553408598
71,16,mixed_use,pooled_q,60,0.16471290567571928,-124.47979172380562
71,16,mixed_use,federated_q,61,0.16471290567571928,-98.24970167382178
71,16,mixed_use,local_q,61,0.16471290567571928,-108.04124299115212
71,16,mixed_use,pooled_q,61,0.16471290567571928,-110.62569501654724
71,16,mixed_use,federated_q,62,0.16471290567571928,-106.53338461496634
71,16,mixed_use,local_q,62,0.16471290567571928,-102.57458695800872
71,16,mixed_use,pooled_q,62,0.16471290567571928,-112.99482977843124
71,16,mixed_use,federated_q,63,0.16471290567571928,-87.43181505995382
71,16,mixed_use,local_q,63,0.16471290567571928,-113.96959132674283
71,16,mixed_use,pooled_q,63,0.16471290567571928,-106.97687190962974
71,17,campus,federated_q,64,0.14824161510814735,-16.164335442123143
71,17,campus,local_q,64,0.14824161510814735,-25.386961044851883
71,17,campus,pooled_q,64,0.14824161510814735,-17.01860134012649
71,17,campus,federated_q,65,0.14824161510814735,-12.189158069743597
71,17,campus,local_q,65,0.14824161510814735,-18.32320346073918
71,17,campus,pooled_q,65,0.14824161510814735,-21.003201950734006
71,17,campus,federated_q,66,0.14824161510814735,-19.054875369935427
71,17,campus,local_q,66,0.14824161510814735,-21.07461149974509
71,17,campus,pooled_q,66,0.14824161510814735,-9.999561170174188
71,17,campus,federated_q,67,0.14824161510814735,-24.317321403225012
71,17,campus,local_q,67,0.14824161510814735,-39.989814395563776
71,17,campus,pooled_q,67,0.14824161510814735,-16.897170397645606
71,17,commuter,federated_q,64,0.14824161510814735,-90.07769169325778
71,17,commuter,local_q,64,0.14824161510814735,-90.60398234074606
71,17,commuter,pooled_q,64,0.14824161510814735,-116.3460671611915
71,17,commuter,federated_q,65,0.14824161510814735,-71.06111464047142
71,17,commuter,local_q,65,0.14824161510814735,-78.2339112741067
71,17,commuter,pooled_q,65,0.14824161510814735,-92.50065487570728
71,17,commuter,federated_q,66,0.14824161510814735,-101.30608517504749
71,17,commuter,local_q,66,0.14824161510814735,-97.86415222012356
71,17,commuter,pooled_q,66,0.14824161510814735,-124.33804761170211
71,17,commuter,federated_q,67,0.14824161510814735,-84.13292390720108
71,17,commuter,local_q,67,0.14824161510814735,-75.52359177051083
71,17,commuter,pooled_q,67,0.14824161510814735,-101.73787384796337
71,17,mixed_use,federated_q,64,0.14824161510814735,-87.84258757938531
71,17,mixed_use,local_q,64,0.14824161510814735,-108.13207234483635
71,17,mixed_use,pooled_q,64,0.14824161510814735,-89.89528567356928
71,17,mixed_use,federated_q,65,0.14824161510814735,-97.55008181945051
71,17,mixed_use,local_q,65,0.14824161510814735,-100.6336806798059
71,17,mixed_use,pooled_q,65,0.14824161510814735,-113.0382447544172
71,17,mixed_use,federated_q,66,0.14824161510814735,-83.56727642781632
71,17,mixed_use,local_q,66,0.14824161510814735,-95.12569510579695
71,17,mixed_use,pooled_q,66,0.14824161510814735,-84.45846940041196
71,17,mixed_use,federated_q,67,0.14824161510814735,-83.515188057276
71,17,mixed_use,local_q,67,0.14824161510814735,-105.35192354666017
71,17,mixed_use,pooled_q,67,0.14824161510814735,-112.36387528646421
71,18,campus,federated_q,68,0.13341745359733262,-5.460600743978971
71,18,campus,local_q,68,0.13341745359733262,-9.46750900267609
71,18,campus,pooled_q,68,0.13341745359733262,-10.081559925415771
71,18,campus,federated_q,69,0.13341745359733262,-11.83003514547324
71,18,campus,local_q,69,0.13341745359733262,-8.930736671240368
71,18,campus,pooled_q,69,0.13341745359733262,-9.274342015661157
71,18,campus,federated_q,70,0.13341745359733262,4.161265080646424
71,18,campus,local_q,70,0.13341745359733262,2.9238664372232925
71,18,campus,pooled_q,70,0.13341745359733262,9.480711597674905
71,18,campus,federated_q,71,0.13341745359733262,-10.222433338437535
71,18,campus,local_q,71,0.13341745359733262,-11.18832395853045
71,18,campus,pooled_q,71,0.13341745359733262,0.9497613729882601
71,18,commuter,federated_q,68,0.13341745359733262,-96.69311328517237
71,18,commuter,local_q,68,0.13341745359733262,-99.2732320371818
71,18,commuter,pooled_q,68,0.13341745359733262,-113.2982320371818
71,18,commuter,federated_q,69,0.13341745359733262,-96.01441088416463
71,18,commuter,local_q,69,0.13341745359733262,-91.74734442151119
71,18,commuter,pooled_q,69,0.13341745359733262,-114.29984442151118
71,18,commuter,federated_q,70,0.13341745359733262,-95.8536864262511
71,18,commuter,local_q,70,0.13341745359733262,-88.77567210517614
71,18,commuter,pooled_q,70,0.13341745359733262,-113.90506765510384
71,18,commuter,federated_q,71,0.13341745359733262,-97.60377305943084
71,18,commuter,local_q,71,0.13341745359733262,-119.55475363730915
71,18,commuter,pooled_q,71,0.13341745359733262,-117.93086019855305
71,18,mixed_use,federated_q,68,0.13341745359733262,-93.71421479232365
71,18,mixed_use,local_q,68,0.13341745359733262,-108.52565491710605
71,18,mixed_use,pooled_q,68,0.13341745359733262,-95.45639183474287
71,18,mixed_use,federated_q,69,0.13341745359733262,-114.57104421503931
71,18,mixed_use,local_q,69,0.13341745359733262,-125.16461823553799
71,18,mixed_use,pooled_q,69,0.13341745359733262,-124.62215751111378
71,18,mixed_use,federated_q,70,0.13341745359733262,-73.02324810391617
71,18,mixed_use,local_q,70,0.13341745359733262,-121.59628279243178
71,18,mixed_use,pooled_q,70,0.13341745359733262,-79.87461613615002
71,18,mixed_use,federated_q,71,0.13341745359733262,-86.10306344926062
71,18,mixed_use,local_q,71,0.13341745359733262,-81.82088483722264
71,18,mixed_use,pooled_q,71,0.13341745359733262,-82.66908768879182
71,19,campus,federated_q,72,0.12007570823759935,-17.657387513876344
71,19,campus,local_q,72,0.12007570823759935,-17.474759688340296
71,19,campus,pooled_q,72,0.12007570823759935,-19.315342939746106
71,19,campus,federated_q,73,0.12007570823759935,-5.2862309921987
71,19,campus,local_q,73,0.12007570823759935,-11.2567427500097
71,19,campus,pooled_q,73,0.12007570823759935,-6.18981551291759
71,19,campus,federated_q,74,0.12007570823759935,-11.887169812859645
71,19,campus,local_q,74,0.12007570823759935,-18.518173924343785
71,19,campus,pooled_q,74,0.12007570823759935,-11.418092774133239
71,19,campus,federated_q,75,0.12007570823759935,-4.0836933509697335
71,19,campus,local_q,75,0.12007570823759935,-11.073859110980537
71,19,campus,pooled_q,75,0.12007570823759935,3.527669160728209
71,19,commuter,federated_q,72,0.12007570823759935,-91.96492011323494
71,19,commuter,local_q,72,0.12007570823759935,-113.08818091493296
71,19,commuter,pooled_q,72,0.12007570823759935,-87.88693679688618
71,19,commuter,federated_q,73,0.12007570823759935,-70.54724101651604
71,19,commuter,local_q,73,0.12007570823759935,-81.40555602310079
71,19,commuter,pooled_q,73,0.12007570823759935,-90.01657245408063
71,19,commuter,federated_q,74,0.12007570823759935,-77.25723082480374
71,19,commuter,local_q,74,0.12007570823759935,-77.27077023414307
71,19,commuter,pooled_q,74,0.12007570823759935,-92.60354087100924
71,19,commuter,federated_q,75,0.12007570823759935,-84.48447653579436
71,19,commuter,local_q,75,0.12007570823759935,-66.53693051932228
71,19,commuter,pooled_q,75,0.12007570823759935,-85.21537782695674
71,19,mixed_use,federated_q,72,0.12007570823759935,-92.59245377475982
71,19,mixed_use,local_q,72,0.12007570823759935,-95.12960633124652
71,19,mixed_use,pooled_q,72,0.12007570823759935,-94.70497967968885
71,19,mixed_use,federated_q,73,0.12007570823759935,-80.39723356456176
71,19,mixed_use,local_q,73,0.12007570823759935,-90.44580592536768
71,19,mixed_use,pooled_q,73,0.12007570823759935,-103.58326286152666
71,19,mixed_use,federated_q,74,0.12007570823759935,-63.41285795328173
71,19,mixed_use,local_q,74,0.12007570823759935,-63.044110077218676
71,19,mixed_use,pooled_q,74,0.12007570823759935,-66.34373252413519
71,19,mixed_use,federated_q,75,0.12007570823759935,-109.4801355750013
71,19,mixed_use,local_q,75,0.12007570823759935,-100.36586621496379
71,19,mixed_use,pooled_q,75,0.12007570823759935,-96.34772627240778
71,20,campus,federated_q,76,0.10806813741383943,-14.053482679527574
71,20,campus,local_q,76,0.10806813741383943,-18.97816163183006
71,20,campus,pooled_q,76,0.10806813741383943,-9.955754743522157
71,20,campus,federated_q,77,0.10806813741383943,-16.692267112998238
71,20,campus,local_q,77,0.10806813741383943,-22.286889898127654
71,20,campus,pooled_q,77,0.10806813741383943,-19.81239157465861
71,20,campus,federated_q,78,0.10806813741383943,-6.199474984047208
71,20,campus,local_q,78,0.10806813741383943,-13.452796922043957
71,20,campus,pooled_q,78,0.10806813741383943,-19.528577302143933
71,20,campus,federated_q,79,0.10806813741383943,-27.742235502237094
71,20,campus,local_q,79,0.10806813741383943,-36.443468782340425
71,20,campus,pooled_q,79,0.10806813741383943,-46.19394763305784
71,20,commuter,federated_q,76,0.10806813741383943,-72.06862571847002
71,20,commuter,local_q,76,0.10806813741383943,-79.41249463094417
71,20,commuter,pooled_q,76,0.10806813741383943,-76.08925449566229
71,20,commuter,federated_q,77,0.10806813741383943,-95.7048746745827
71,20,commuter,local_q,77,0.10806813741383943,-82.64823394707611
71,20,commuter,pooled_q,77,0.10806813741383943,-73.53049109115818
71,20,commuter,federated_q,78,0.10806813741383943,-82.67210724734673
71,20,commuter,local_q,78,0.10806813741383943,-105.02959366760199
71,20,commuter,pooled_q,78,0.10806813741383943,-90.9929693667647
71,20,commuter,federated_q,79,0.10806813741383943,-83.90615363388872
71,20,commuter,local_q,79,0.10806813741383943,-108.51621977864677
71,20,commuter,pooled_q,79,0.10806813741383943,-76.08952417873894
71,20,mixed_use,federated_q,76,0.10806813741383943,-75.81887699145847
71,20,mixed_use,local_q,76,0.10806813741383943,-93.39934245693743
71,20,mixed_use,pooled_q,76,0.10806813741383943,-77.57967264563261
71,20,mixed_use,federated_q,77,0.10806813741383943,-76.58581357680595
71,20,mixed_use,local_q,77,0.10806813741383943,-83.59937060445962
71,20,mixed_use,pooled_q,77,0.10806813741383943,-84.5297402506015
71,20,mixed_use,federated_q,78,0.10806813741383943,-89.16297969692245
71,20,mixed_use,local_q,78,0.10806813741383943,-101.92157069828134
71,20,mixed_use,pooled_q,78,0.10806813741383943,-90.76480158753722
71,20,mixed_use,federated_q,79,0.10806813741383943,-57.594717920035116
71,20,mixed_use,local_q,79,0.10806813741383943,-78.49542692231608
71,20,mixed_use,pooled_q,79,0.10806813741383943,-63.1997881426614
